date,wm_yr_wk,weekday,wday,month,year,d,event_name_1,event_type_1,event_name_2,event_type_2,snap_CA,snap_TX,snap_WI
2011-01-29,11101,Saturday,6,1,2011,d_1,,,,,0,1,0
2011-01-30,11101,Sunday,7,1,2011,d_2,,,,,0,0,0
2011-01-31,11101,Monday,1,1,2011,d_3,,,,,0,1,1
2011-02-01,11101,Tuesday,2,2,2011,d_4,,,,,1,1,0
2011-02-02,11101,Wednesday,3,2,2011,d_5,,,,,1,0,1
2011-02-03,11101,Thursday,4,2,2011,d_6,,,,,0,0,1
2011-02-04,11101,Friday,5,2,2011,d_7,,,,,1,0,0
2011-02-05,11102,Saturday,6,2,2011,d_8,,,,,1,1,1
2011-02-06,11102,Sunday,7,2,2011,d_9,,,,,0,0,1
2011-02-07,11102,Monday,1,2,2011,d_10,,,,,0,1,1
2011-02-08,11102,Tuesday,2,2,2011,d_11,,,,,0,0,0
2011-02-09,11102,Wednesday,3,2,2011,d_12,,,,,0,1,0
2011-02-10,11102,Thursday,4,2,2011,d_13,,,,,0,1,0
2011-02-11,11102,Friday,5,2,2011,d_14,,,,,1,0,0
2011-02-12,11103,Saturday,6,2,2011,d_15,,,,,0,1,0
2011-02-13,11103,Sunday,7,2,2011,d_16,,,,,1,1,1
2011-02-14,11103,Monday,1,2,2011,d_17,,,,,1,1,0
2011-02-15,11103,Tuesday,2,2,2011,d_18,,,,,0,0,0
2011-02-16,11103,Wednesday,3,2,2011,d_19,,,,,1,0,0
2011-02-17,11103,Thursday,4,2,2011,d_20,,,,,1,1,0
2011-02-18,11103,Friday,5,2,2011,d_21,,,,,0,1,0
2011-02-19,11104,Saturday,6,2,2011,d_22,,,,,0,0,1
2011-02-20,11104,Sunday,7,2,2011,d_23,,,,,1,0,0
2011-02-21,11104,Monday,1,2,2011,d_24,,,,,1,1,0
2011-02-22,11104,Tuesday,2,2,2011,d_25,,,,,0,0,1
2011-02-23,11104,Wednesday,3,2,2011,d_26,,,,,0,1,1
2011-02-24,11104,Thursday,4,2,2011,d_27,,,,,1,0,1
2011-02-25,11104,Friday,5,2,2011,d_28,,,,,1,0,1
2011-02-26,11105,Saturday,6,2,2011,d_29,,,,,1,0,0
2011-02-27,11105,Sunday,7,2,2011,d_30,,,,,1,1,0
2011-02-28,11105,Monday,1,2,2011,d_31,,,,,1,1,0
2011-03-01,11105,Tuesday,2,3,2011,d_32,,,,,1,0,1
2011-03-02,11105,Wednesday,3,3,2011,d_33,,,,,1,1,1
2011-03-03,11105,Thursday,4,3,2011,d_34,,,,,0,1,0
2011-03-04,11105,Friday,5,3,2011,d_35,,,,,1,0,0
2011-03-05,11106,Saturday,6,3,2011,d_36,,,,,0,1,0
2011-03-06,11106,Sunday,7,3,2011,d_37,,,,,1,1,0
2011-03-07,11106,Monday,1,3,2011,d_38,,,,,0,1,1
2011-03-08,11106,Tuesday,2,3,2011,d_39,,,,,1,0,1
2011-03-09,11106,Wednesday,3,3,2011,d_40,,,,,1,0,0
2011-03-10,11106,Thursday,4,3,2011,d_41,,,,,1,0,1
2011-03-11,11106,Friday,5,3,2011,d_42,,,,,0,1,1
2011-03-12,11107,Saturday,6,3,2011,d_43,,,,,1,1,0
2011-03-13,11107,Sunday,7,3,2011,d_44,,,,,0,1,0
2011-03-14,11107,Monday,1,3,2011,d_45,,,,,1,1,0
2011-03-15,11107,Tuesday,2,3,2011,d_46,,,,,1,0,0
2011-03-16,11107,Wednesday,3,3,2011,d_47,,,,,0,0,0
2011-03-17,11107,Thursday,4,3,2011,d_48,,,,,0,0,1
2011-03-18,11107,Friday,5,3,2011,d_49,,,,,1,1,1
2011-03-19,11108,Saturday,6,3,2011,d_50,,,,,1,1,0
2011-03-20,11108,Sunday,7,3,2011,d_51,,,,,0,0,1
2011-03-21,11108,Monday,1,3,2011,d_52,,,,,1,0,0
2011-03-22,11108,Tuesday,2,3,2011,d_53,,,,,0,0,0
2011-03-23,11108,Wednesday,3,3,2011,d_54,,,,,1,0,1
2011-03-24,11108,Thursday,4,3,2011,d_55,,,,,0,0,1
2011-03-25,11108,Friday,5,3,2011,d_56,,,,,1,1,0
2011-03-26,11109,Saturday,6,3,2011,d_57,,,,,0,1,1
2011-03-27,11109,Sunday,7,3,2011,d_58,,,,,1,1,0
2011-03-28,11109,Monday,1,3,2011,d_59,,,,,0,1,1
2011-03-29,11109,Tuesday,2,3,2011,d_60,,,,,0,1,1
2011-03-30,11109,Wednesday,3,3,2011,d_61,,,,,0,1,0
2011-03-31,11109,Thursday,4,3,2011,d_62,,,,,1,0,0
2011-04-01,11109,Friday,5,4,2011,d_63,,,,,1,0,1
2011-04-02,11110,Saturday,6,4,2011,d_64,,,,,0,0,0
2011-04-03,11110,Sunday,7,4,2011,d_65,,,,,0,0,0
2011-04-04,11110,Monday,1,4,2011,d_66,,,,,1,1,0
2011-04-05,11110,Tuesday,2,4,2011,d_67,,,,,0,1,0
2011-04-06,11110,Wednesday,3,4,2011,d_68,,,,,0,1,0
2011-04-07,11110,Thursday,4,4,2011,d_69,,,,,0,0,1
2011-04-08,11110,Friday,5,4,2011,d_70,,,,,1,0,1
2011-04-09,11111,Saturday,6,4,2011,d_71,,,,,0,0,0
2011-04-10,11111,Sunday,7,4,2011,d_72,,,,,1,0,0
2011-04-11,11111,Monday,1,4,2011,d_73,,,,,0,1,1
2011-04-12,11111,Tuesday,2,4,2011,d_74,,,,,0,0,1
2011-04-13,11111,Wednesday,3,4,2011,d_75,,,,,0,0,0
2011-04-14,11111,Thursday,4,4,2011,d_76,,,,,0,1,1
2011-04-15,11111,Friday,5,4,2011,d_77,,,,,1,1,1
2011-04-16,11112,Saturday,6,4,2011,d_78,,,,,0,0,1
2011-04-17,11112,Sunday,7,4,2011,d_79,,,,,0,0,0
2011-04-18,11112,Monday,1,4,2011,d_80,,,,,0,0,0
2011-04-19,11112,Tuesday,2,4,2011,d_81,,,,,0,1,1
2011-04-20,11112,Wednesday,3,4,2011,d_82,,,,,1,0,0
2011-04-21,11112,Thursday,4,4,2011,d_83,,,,,0,1,0
2011-04-22,11112,Friday,5,4,2011,d_84,,,,,0,0,0
2011-04-23,11113,Saturday,6,4,2011,d_85,,,,,1,1,1
2011-04-24,11113,Sunday,7,4,2011,d_86,,,,,1,0,0
2011-04-25,11113,Monday,1,4,2011,d_87,,,,,1,1,1
2011-04-26,11113,Tuesday,2,4,2011,d_88,,,,,0,0,1
2011-04-27,11113,Wednesday,3,4,2011,d_89,,,,,1,0,1
2011-04-28,11113,Thursday,4,4,2011,d_90,,,,,1,0,0
2011-04-29,11113,Friday,5,4,2011,d_91,,,,,0,0,1
2011-04-30,11114,Saturday,6,4,2011,d_92,,,,,1,1,1
2011-05-01,11114,Sunday,7,5,2011,d_93,,,,,1,0,1
2011-05-02,11114,Monday,1,5,2011,d_94,,,,,0,1,0
2011-05-03,11114,Tuesday,2,5,2011,d_95,,,,,1,1,1
2011-05-04,11114,Wednesday,3,5,2011,d_96,,,,,0,0,0
2011-05-05,11114,Thursday,4,5,2011,d_97,,,,,0,0,1
2011-05-06,11114,Friday,5,5,2011,d_98,,,,,0,0,1
2011-05-07,11115,Saturday,6,5,2011,d_99,,,,,0,1,0
2011-05-08,11115,Sunday,7,5,2011,d_100,,,,,1,1,1
2011-05-09,11115,Monday,1,5,2011,d_101,,,,,0,1,1
2011-05-10,11115,Tuesday,2,5,2011,d_102,,,,,0,1,1
2011-05-11,11115,Wednesday,3,5,2011,d_103,,,,,0,0,1
2011-05-12,11115,Thursday,4,5,2011,d_104,,,,,1,1,1
2011-05-13,11115,Friday,5,5,2011,d_105,,,,,0,0,0
2011-05-14,11116,Saturday,6,5,2011,d_106,,,,,1,0,1
2011-05-15,11116,Sunday,7,5,2011,d_107,,,,,1,1,0
2011-05-16,11116,Monday,1,5,2011,d_108,,,,,0,1,0
2011-05-17,11116,Tuesday,2,5,2011,d_109,,,,,1,0,1
2011-05-18,11116,Wednesday,3,5,2011,d_110,,,,,0,0,0
2011-05-19,11116,Thursday,4,5,2011,d_111,,,,,0,1,0
2011-05-20,11116,Friday,5,5,2011,d_112,,,,,1,0,0
2011-05-21,11117,Saturday,6,5,2011,d_113,,,,,0,0,1
2011-05-22,11117,Sunday,7,5,2011,d_114,,,,,0,0,1
2011-05-23,11117,Monday,1,5,2011,d_115,,,,,1,0,0
2011-05-24,11117,Tuesday,2,5,2011,d_116,,,,,1,0,0
2011-05-25,11117,Wednesday,3,5,2011,d_117,,,,,0,0,1
2011-05-26,11117,Thursday,4,5,2011,d_118,,,,,1,0,1
2011-05-27,11117,Friday,5,5,2011,d_119,,,,,0,0,0
2011-05-28,11118,Saturday,6,5,2011,d_120,,,,,0,1,0
2011-05-29,11118,Sunday,7,5,2011,d_121,,,,,0,0,1
2011-05-30,11118,Monday,1,5,2011,d_122,,,,,0,1,1
2011-05-31,11118,Tuesday,2,5,2011,d_123,,,,,0,0,0
2011-06-01,11118,Wednesday,3,6,2011,d_124,,,,,0,1,1
2011-06-02,11118,Thursday,4,6,2011,d_125,,,,,0,0,1
2011-06-03,11118,Friday,5,6,2011,d_126,,,,,0,0,1
2011-06-04,11119,Saturday,6,6,2011,d_127,,,,,0,1,0
2011-06-05,11119,Sunday,7,6,2011,d_128,,,,,1,1,1
2011-06-06,11119,Monday,1,6,2011,d_129,,,,,0,0,1
2011-06-07,11119,Tuesday,2,6,2011,d_130,,,,,0,0,0
2011-06-08,11119,Wednesday,3,6,2011,d_131,,,,,0,1,0
2011-06-09,11119,Thursday,4,6,2011,d_132,,,,,0,0,0
2011-06-10,11119,Friday,5,6,2011,d_133,,,,,0,0,1
2011-06-11,11120,Saturday,6,6,2011,d_134,,,,,1,0,1
2011-06-12,11120,Sunday,7,6,2011,d_135,,,,,0,0,1
2011-06-13,11120,Monday,1,6,2011,d_136,,,,,0,1,1
2011-06-14,11120,Tuesday,2,6,2011,d_137,,,,,1,0,1
2011-06-15,11120,Wednesday,3,6,2011,d_138,,,,,1,1,0
2011-06-16,11120,Thursday,4,6,2011,d_139,,,,,1,1,0
2011-06-17,11120,Friday,5,6,2011,d_140,,,,,1,0,1
2011-06-18,11121,Saturday,6,6,2011,d_141,,,,,0,1,0
2011-06-19,11121,Sunday,7,6,2011,d_142,,,,,1,1,1
2011-06-20,11121,Monday,1,6,2011,d_143,,,,,0,0,0
2011-06-21,11121,Tuesday,2,6,2011,d_144,,,,,0,1,1
2011-06-22,11121,Wednesday,3,6,2011,d_145,,,,,1,0,0
2011-06-23,11121,Thursday,4,6,2011,d_146,,,,,0,0,0
2011-06-24,11121,Friday,5,6,2011,d_147,,,,,1,1,1
2011-06-25,11122,Saturday,6,6,2011,d_148,,,,,1,0,1
2011-06-26,11122,Sunday,7,6,2011,d_149,,,,,1,0,0
2011-06-27,11122,Monday,1,6,2011,d_150,,,,,1,0,1
2011-06-28,11122,Tuesday,2,6,2011,d_151,,,,,1,1,1
2011-06-29,11122,Wednesday,3,6,2011,d_152,,,,,1,0,0
2011-06-30,11122,Thursday,4,6,2011,d_153,,,,,0,1,1
2011-07-01,11122,Friday,5,7,2011,d_154,,,,,1,0,0
2011-07-02,11123,Saturday,6,7,2011,d_155,,,,,1,1,1
2011-07-03,11123,Sunday,7,7,2011,d_156,,,,,0,1,1
2011-07-04,11123,Monday,1,7,2011,d_157,,,,,0,0,1
2011-07-05,11123,Tuesday,2,7,2011,d_158,,,,,0,0,0
2011-07-06,11123,Wednesday,3,7,2011,d_159,,,,,1,1,1
2011-07-07,11123,Thursday,4,7,2011,d_160,,,,,0,1,0
2011-07-08,11123,Friday,5,7,2011,d_161,,,,,0,1,1
2011-07-09,11124,Saturday,6,7,2011,d_162,,,,,0,0,1
2011-07-10,11124,Sunday,7,7,2011,d_163,,,,,1,1,1
2011-07-11,11124,Monday,1,7,2011,d_164,,,,,0,1,1
2011-07-12,11124,Tuesday,2,7,2011,d_165,,,,,1,1,0
2011-07-13,11124,Wednesday,3,7,2011,d_166,,,,,0,1,0
2011-07-14,11124,Thursday,4,7,2011,d_167,,,,,1,0,0
2011-07-15,11124,Friday,5,7,2011,d_168,,,,,0,1,1
2011-07-16,11125,Saturday,6,7,2011,d_169,,,,,1,0,1
2011-07-17,11125,Sunday,7,7,2011,d_170,,,,,0,0,0
2011-07-18,11125,Monday,1,7,2011,d_171,,,,,0,0,1
2011-07-19,11125,Tuesday,2,7,2011,d_172,,,,,0,0,0
2011-07-20,11125,Wednesday,3,7,2011,d_173,,,,,0,1,1
2011-07-21,11125,Thursday,4,7,2011,d_174,,,,,0,1,1
2011-07-22,11125,Friday,5,7,2011,d_175,,,,,0,0,1
2011-07-23,11126,Saturday,6,7,2011,d_176,,,,,1,0,0
2011-07-24,11126,Sunday,7,7,2011,d_177,,,,,1,0,1
2011-07-25,11126,Monday,1,7,2011,d_178,,,,,1,1,0
2011-07-26,11126,Tuesday,2,7,2011,d_179,,,,,0,1,1
2011-07-27,11126,Wednesday,3,7,2011,d_180,,,,,0,0,0
2011-07-28,11126,Thursday,4,7,2011,d_181,,,,,1,0,0
2011-07-29,11126,Friday,5,7,2011,d_182,,,,,1,0,0
2011-07-30,11127,Saturday,6,7,2011,d_183,,,,,0,0,0
2011-07-31,11127,Sunday,7,7,2011,d_184,,,,,0,1,0
2011-08-01,11127,Monday,1,8,2011,d_185,,,,,1,0,0
2011-08-02,11127,Tuesday,2,8,2011,d_186,,,,,1,1,1
2011-08-03,11127,Wednesday,3,8,2011,d_187,,,,,0,0,0
2011-08-04,11127,Thursday,4,8,2011,d_188,,,,,0,1,0
2011-08-05,11127,Friday,5,8,2011,d_189,,,,,0,1,0
2011-08-06,11128,Saturday,6,8,2011,d_190,,,,,1,1,1
2011-08-07,11128,Sunday,7,8,2011,d_191,,,,,0,0,1
2011-08-08,11128,Monday,1,8,2011,d_192,,,,,0,1,0
2011-08-09,11128,Tuesday,2,8,2011,d_193,,,,,1,0,0
2011-08-10,11128,Wednesday,3,8,2011,d_194,,,,,0,0,0
2011-08-11,11128,Thursday,4,8,2011,d_195,,,,,0,1,0
2011-08-12,11128,Friday,5,8,2011,d_196,,,,,1,0,0
2011-08-13,11129,Saturday,6,8,2011,d_197,,,,,0,1,0
2011-08-14,11129,Sunday,7,8,2011,d_198,,,,,0,0,1
2011-08-15,11129,Monday,1,8,2011,d_199,,,,,1,0,1
2011-08-16,11129,Tuesday,2,8,2011,d_200,,,,,0,0,1
2011-08-17,11129,Wednesday,3,8,2011,d_201,,,,,0,1,1
2011-08-18,11129,Thursday,4,8,2011,d_202,,,,,0,1,1
2011-08-19,11129,Friday,5,8,2011,d_203,,,,,1,0,1
2011-08-20,11130,Saturday,6,8,2011,d_204,,,,,0,0,0
2011-08-21,11130,Sunday,7,8,2011,d_205,,,,,0,0,0
2011-08-22,11130,Monday,1,8,2011,d_206,,,,,0,1,1
2011-08-23,11130,Tuesday,2,8,2011,d_207,,,,,0,0,1
2011-08-24,11130,Wednesday,3,8,2011,d_208,,,,,1,0,0
2011-08-25,11130,Thursday,4,8,2011,d_209,,,,,0,0,1
2011-08-26,11130,Friday,5,8,2011,d_210,,,,,1,1,1
2011-08-27,11131,Saturday,6,8,2011,d_211,,,,,1,0,0
2011-08-28,11131,Sunday,7,8,2011,d_212,,,,,1,0,0
2011-08-29,11131,Monday,1,8,2011,d_213,,,,,1,1,1
2011-08-30,11131,Tuesday,2,8,2011,d_214,,,,,0,1,1
2011-08-31,11131,Wednesday,3,8,2011,d_215,,,,,0,1,1
2011-09-01,11131,Thursday,4,9,2011,d_216,,,,,0,1,1
2011-09-02,11131,Friday,5,9,2011,d_217,,,,,1,0,1
2011-09-03,11132,Saturday,6,9,2011,d_218,,,,,0,1,1
2011-09-04,11132,Sunday,7,9,2011,d_219,,,,,0,1,0
2011-09-05,11132,Monday,1,9,2011,d_220,,,,,1,1,1
2011-09-06,11132,Tuesday,2,9,2011,d_221,,,,,0,0,0
2011-09-07,11132,Wednesday,3,9,2011,d_222,,,,,1,0,1
2011-09-08,11132,Thursday,4,9,2011,d_223,,,,,0,0,0
2011-09-09,11132,Friday,5,9,2011,d_224,,,,,1,1,1
2011-09-10,11133,Saturday,6,9,2011,d_225,,,,,0,1,0
2011-09-11,11133,Sunday,7,9,2011,d_226,,,,,1,1,0
2011-09-12,11133,Monday,1,9,2011,d_227,,,,,0,1,1
2011-09-13,11133,Tuesday,2,9,2011,d_228,,,,,0,1,1
2011-09-14,11133,Wednesday,3,9,2011,d_229,,,,,1,1,1
2011-09-15,11133,Thursday,4,9,2011,d_230,,,,,1,1,1
2011-09-16,11133,Friday,5,9,2011,d_231,,,,,0,1,0
2011-09-17,11134,Saturday,6,9,2011,d_232,,,,,0,0,1
2011-09-18,11134,Sunday,7,9,2011,d_233,,,,,1,1,0
2011-09-19,11134,Monday,1,9,2011,d_234,,,,,0,0,0
2011-09-20,11134,Tuesday,2,9,2011,d_235,,,,,1,1,0
2011-09-21,11134,Wednesday,3,9,2011,d_236,,,,,1,1,1
2011-09-22,11134,Thursday,4,9,2011,d_237,,,,,0,1,0
2011-09-23,11134,Friday,5,9,2011,d_238,,,,,0,1,0
2011-09-24,11135,Saturday,6,9,2011,d_239,,,,,1,0,0
2011-09-25,11135,Sunday,7,9,2011,d_240,,,,,1,1,0
2011-09-26,11135,Monday,1,9,2011,d_241,,,,,1,1,1
2011-09-27,11135,Tuesday,2,9,2011,d_242,,,,,1,1,0
2011-09-28,11135,Wednesday,3,9,2011,d_243,,,,,0,0,0
2011-09-29,11135,Thursday,4,9,2011,d_244,,,,,0,0,1
2011-09-30,11135,Friday,5,9,2011,d_245,,,,,0,1,1
2011-10-01,11136,Saturday,6,10,2011,d_246,,,,,1,1,0
2011-10-02,11136,Sunday,7,10,2011,d_247,,,,,0,1,0
2011-10-03,11136,Monday,1,10,2011,d_248,,,,,1,0,0
2011-10-04,11136,Tuesday,2,10,2011,d_249,,,,,0,1,1
2011-10-05,11136,Wednesday,3,10,2011,d_250,,,,,1,0,0
2011-10-06,11136,Thursday,4,10,2011,d_251,,,,,1,1,0
2011-10-07,11136,Friday,5,10,2011,d_252,,,,,1,1,0
2011-10-08,11137,Saturday,6,10,2011,d_253,,,,,0,1,1
2011-10-09,11137,Sunday,7,10,2011,d_254,,,,,0,1,1
2011-10-10,11137,Monday,1,10,2011,d_255,,,,,1,1,1
2011-10-11,11137,Tuesday,2,10,2011,d_256,,,,,0,1,0
2011-10-12,11137,Wednesday,3,10,2011,d_257,,,,,0,1,0
2011-10-13,11137,Thursday,4,10,2011,d_258,,,,,0,0,0
2011-10-14,11137,Friday,5,10,2011,d_259,,,,,1,0,0
2011-10-15,11138,Saturday,6,10,2011,d_260,,,,,1,0,0
2011-10-16,11138,Sunday,7,10,2011,d_261,,,,,1,1,0
2011-10-17,11138,Monday,1,10,2011,d_262,,,,,0,1,0
2011-10-18,11138,Tuesday,2,10,2011,d_263,,,,,0,1,0
2011-10-19,11138,Wednesday,3,10,2011,d_264,,,,,0,0,1
2011-10-20,11138,Thursday,4,10,2011,d_265,,,,,0,0,0
2011-10-21,11138,Friday,5,10,2011,d_266,,,,,1,1,1
2011-10-22,11139,Saturday,6,10,2011,d_267,,,,,0,0,1
2011-10-23,11139,Sunday,7,10,2011,d_268,,,,,1,1,1
2011-10-24,11139,Monday,1,10,2011,d_269,,,,,1,1,0
2011-10-25,11139,Tuesday,2,10,2011,d_270,,,,,0,1,1
2011-10-26,11139,Wednesday,3,10,2011,d_271,,,,,0,1,1
2011-10-27,11139,Thursday,4,10,2011,d_272,,,,,1,1,0
2011-10-28,11139,Friday,5,10,2011,d_273,,,,,1,0,0
2011-10-29,11140,Saturday,6,10,2011,d_274,,,,,0,1,1
2011-10-30,11140,Sunday,7,10,2011,d_275,,,,,1,1,0
2011-10-31,11140,Monday,1,10,2011,d_276,,,,,0,0,0
2011-11-01,11140,Tuesday,2,11,2011,d_277,,,,,1,1,1
2011-11-02,11140,Wednesday,3,11,2011,d_278,,,,,0,0,1
2011-11-03,11140,Thursday,4,11,2011,d_279,,,,,1,0,0
2011-11-04,11140,Friday,5,11,2011,d_280,,,,,1,0,0
2011-11-05,11141,Saturday,6,11,2011,d_281,,,,,1,0,1
2011-11-06,11141,Sunday,7,11,2011,d_282,,,,,1,1,1
2011-11-07,11141,Monday,1,11,2011,d_283,,,,,1,1,1
2011-11-08,11141,Tuesday,2,11,2011,d_284,,,,,1,1,0
2011-11-09,11141,Wednesday,3,11,2011,d_285,,,,,0,0,0
2011-11-10,11141,Thursday,4,11,2011,d_286,,,,,1,0,1
2011-11-11,11141,Friday,5,11,2011,d_287,,,,,1,1,0
2011-11-12,11142,Saturday,6,11,2011,d_288,,,,,1,1,1
2011-11-13,11142,Sunday,7,11,2011,d_289,,,,,0,1,1
2011-11-14,11142,Monday,1,11,2011,d_290,,,,,0,1,1
2011-11-15,11142,Tuesday,2,11,2011,d_291,,,,,1,1,1
2011-11-16,11142,Wednesday,3,11,2011,d_292,,,,,1,1,1
2011-11-17,11142,Thursday,4,11,2011,d_293,,,,,0,1,1
2011-11-18,11142,Friday,5,11,2011,d_294,,,,,1,0,1
2011-11-19,11143,Saturday,6,11,2011,d_295,,,,,1,1,1
2011-11-20,11143,Sunday,7,11,2011,d_296,,,,,0,0,0
2011-11-21,11143,Monday,1,11,2011,d_297,,,,,1,1,1
2011-11-22,11143,Tuesday,2,11,2011,d_298,,,,,1,0,1
2011-11-23,11143,Wednesday,3,11,2011,d_299,,,,,1,0,1
2011-11-24,11143,Thursday,4,11,2011,d_300,,,,,0,1,0
2011-11-25,11143,Friday,5,11,2011,d_301,,,,,1,1,0
2011-11-26,11144,Saturday,6,11,2011,d_302,,,,,1,1,0
2011-11-27,11144,Sunday,7,11,2011,d_303,,,,,0,0,1
2011-11-28,11144,Monday,1,11,2011,d_304,,,,,0,1,0
2011-11-29,11144,Tuesday,2,11,2011,d_305,,,,,0,1,1
2011-11-30,11144,Wednesday,3,11,2011,d_306,,,,,1,0,1
2011-12-01,11144,Thursday,4,12,2011,d_307,,,,,0,1,1
2011-12-02,11144,Friday,5,12,2011,d_308,,,,,0,0,1
2011-12-03,11145,Saturday,6,12,2011,d_309,,,,,1,0,0
2011-12-04,11145,Sunday,7,12,2011,d_310,,,,,1,0,1
2011-12-05,11145,Monday,1,12,2011,d_311,,,,,1,1,1
2011-12-06,11145,Tuesday,2,12,2011,d_312,,,,,0,1,0
2011-12-07,11145,Wednesday,3,12,2011,d_313,,,,,1,1,1
2011-12-08,11145,Thursday,4,12,2011,d_314,,,,,1,1,1
2011-12-09,11145,Friday,5,12,2011,d_315,,,,,1,0,1
2011-12-10,11146,Saturday,6,12,2011,d_316,,,,,0,1,1
2011-12-11,11146,Sunday,7,12,2011,d_317,,,,,1,0,1
2011-12-12,11146,Monday,1,12,2011,d_318,,,,,0,0,1
2011-12-13,11146,Tuesday,2,12,2011,d_319,,,,,1,0,0
2011-12-14,11146,Wednesday,3,12,2011,d_320,,,,,1,1,0
2011-12-15,11146,Thursday,4,12,2011,d_321,,,,,0,1,0
2011-12-16,11146,Friday,5,12,2011,d_322,,,,,1,1,1
2011-12-17,11147,Saturday,6,12,2011,d_323,,,,,0,0,0
2011-12-18,11147,Sunday,7,12,2011,d_324,,,,,0,0,0
2011-12-19,11147,Monday,1,12,2011,d_325,,,,,0,0,1
2011-12-20,11147,Tuesday,2,12,2011,d_326,,,,,0,0,1
2011-12-21,11147,Wednesday,3,12,2011,d_327,,,,,0,0,0
2011-12-22,11147,Thursday,4,12,2011,d_328,,,,,0,1,1
2011-12-23,11147,Friday,5,12,2011,d_329,,,,,1,0,1
2011-12-24,11148,Saturday,6,12,2011,d_330,,,,,1,1,1
2011-12-25,11148,Sunday,7,12,2011,d_331,,,,,1,1,0
2011-12-26,11148,Monday,1,12,2011,d_332,,,,,0,1,0
2011-12-27,11148,Tuesday,2,12,2011,d_333,,,,,1,1,1
2011-12-28,11148,Wednesday,3,12,2011,d_334,,,,,0,0,0
2011-12-29,11148,Thursday,4,12,2011,d_335,,,,,1,1,0
2011-12-30,11148,Friday,5,12,2011,d_336,,,,,1,0,0
2011-12-31,11149,Saturday,6,12,2011,d_337,,,,,1,1,0
2012-01-01,11149,Sunday,7,1,2012,d_338,,,,,1,0,0
2012-01-02,11149,Monday,1,1,2012,d_339,,,,,1,1,0
2012-01-03,11149,Tuesday,2,1,2012,d_340,,,,,0,0,0
2012-01-04,11149,Wednesday,3,1,2012,d_341,,,,,1,0,0
2012-01-05,11149,Thursday,4,1,2012,d_342,,,,,0,1,0
2012-01-06,11149,Friday,5,1,2012,d_343,,,,,0,0,1
2012-01-07,11150,Saturday,6,1,2012,d_344,,,,,1,1,0
2012-01-08,11150,Sunday,7,1,2012,d_345,,,,,0,1,1
2012-01-09,11150,Monday,1,1,2012,d_346,,,,,1,0,1
2012-01-10,11150,Tuesday,2,1,2012,d_347,,,,,1,1,1
2012-01-11,11150,Wednesday,3,1,2012,d_348,,,,,1,0,0
2012-01-12,11150,Thursday,4,1,2012,d_349,,,,,1,1,0
2012-01-13,11150,Friday,5,1,2012,d_350,,,,,1,0,0
2012-01-14,11151,Saturday,6,1,2012,d_351,,,,,1,1,1
2012-01-15,11151,Sunday,7,1,2012,d_352,,,,,1,0,1
2012-01-16,11151,Monday,1,1,2012,d_353,,,,,0,0,0
2012-01-17,11151,Tuesday,2,1,2012,d_354,,,,,0,1,1
2012-01-18,11151,Wednesday,3,1,2012,d_355,,,,,1,0,0
2012-01-19,11151,Thursday,4,1,2012,d_356,,,,,0,1,1
2012-01-20,11151,Friday,5,1,2012,d_357,,,,,1,1,1
2012-01-21,11152,Saturday,6,1,2012,d_358,,,,,0,1,0
2012-01-22,11152,Sunday,7,1,2012,d_359,,,,,1,0,0
2012-01-23,11152,Monday,1,1,2012,d_360,,,,,1,0,1
2012-01-24,11152,Tuesday,2,1,2012,d_361,,,,,1,0,0
2012-01-25,11152,Wednesday,3,1,2012,d_362,,,,,0,0,0
2012-01-26,11152,Thursday,4,1,2012,d_363,,,,,0,0,1
2012-01-27,11152,Friday,5,1,2012,d_364,,,,,1,0,0
2012-01-28,11153,Saturday,6,1,2012,d_365,,,,,0,1,1
2012-01-29,11153,Sunday,7,1,2012,d_366,,,,,1,1,1
2012-01-30,11153,Monday,1,1,2012,d_367,,,,,0,1,1
2012-01-31,11153,Tuesday,2,1,2012,d_368,,,,,0,0,0
2012-02-01,11153,Wednesday,3,2,2012,d_369,,,,,1,1,1
2012-02-02,11153,Thursday,4,2,2012,d_370,,,,,1,0,1
2012-02-03,11153,Friday,5,2,2012,d_371,,,,,0,1,1
2012-02-04,11154,Saturday,6,2,2012,d_372,,,,,0,1,1
2012-02-05,11154,Sunday,7,2,2012,d_373,,,,,1,1,1
2012-02-06,11154,Monday,1,2,2012,d_374,,,,,1,1,0
2012-02-07,11154,Tuesday,2,2,2012,d_375,,,,,1,0,0
2012-02-08,11154,Wednesday,3,2,2012,d_376,,,,,1,0,0
2012-02-09,11154,Thursday,4,2,2012,d_377,,,,,1,0,1
2012-02-10,11154,Friday,5,2,2012,d_378,,,,,0,0,0
2012-02-11,11155,Saturday,6,2,2012,d_379,,,,,0,1,1
2012-02-12,11155,Sunday,7,2,2012,d_380,,,,,1,0,1
2012-02-13,11155,Monday,1,2,2012,d_381,,,,,1,1,1
2012-02-14,11155,Tuesday,2,2,2012,d_382,,,,,0,0,1
2012-02-15,11155,Wednesday,3,2,2012,d_383,,,,,1,1,1
2012-02-16,11155,Thursday,4,2,2012,d_384,,,,,0,1,0
2012-02-17,11155,Friday,5,2,2012,d_385,,,,,1,1,0
2012-02-18,11156,Saturday,6,2,2012,d_386,,,,,0,1,1
2012-02-19,11156,Sunday,7,2,2012,d_387,,,,,0,1,1
2012-02-20,11156,Monday,1,2,2012,d_388,,,,,0,0,0
2012-02-21,11156,Tuesday,2,2,2012,d_389,,,,,0,1,0
2012-02-22,11156,Wednesday,3,2,2012,d_390,,,,,1,1,0
2012-02-23,11156,Thursday,4,2,2012,d_391,,,,,0,0,1
2012-02-24,11156,Friday,5,2,2012,d_392,,,,,0,1,1
2012-02-25,11157,Saturday,6,2,2012,d_393,,,,,1,0,1
2012-02-26,11157,Sunday,7,2,2012,d_394,,,,,1,1,1
2012-02-27,11157,Monday,1,2,2012,d_395,,,,,1,0,1
2012-02-28,11157,Tuesday,2,2,2012,d_396,,,,,0,0,1
2012-02-29,11157,Wednesday,3,2,2012,d_397,,,,,1,0,0
2012-03-01,11157,Thursday,4,3,2012,d_398,,,,,1,0,1
2012-03-02,11157,Friday,5,3,2012,d_399,,,,,1,0,0
2012-03-03,11158,Saturday,6,3,2012,d_400,,,,,1,1,1
2012-03-04,11158,Sunday,7,3,2012,d_401,,,,,0,1,0
2012-03-05,11158,Monday,1,3,2012,d_402,,,,,1,1,1
2012-03-06,11158,Tuesday,2,3,2012,d_403,,,,,1,1,1
2012-03-07,11158,Wednesday,3,3,2012,d_404,,,,,0,0,1
2012-03-08,11158,Thursday,4,3,2012,d_405,,,,,1,1,0
2012-03-09,11158,Friday,5,3,2012,d_406,,,,,1,1,1
2012-03-10,11159,Saturday,6,3,2012,d_407,,,,,1,0,0
2012-03-11,11159,Sunday,7,3,2012,d_408,,,,,1,0,0
2012-03-12,11159,Monday,1,3,2012,d_409,,,,,1,0,1
2012-03-13,11159,Tuesday,2,3,2012,d_410,,,,,1,1,0
2012-03-14,11159,Wednesday,3,3,2012,d_411,,,,,0,0,1
2012-03-15,11159,Thursday,4,3,2012,d_412,,,,,1,0,1
2012-03-16,11159,Friday,5,3,2012,d_413,,,,,1,0,0
2012-03-17,11160,Saturday,6,3,2012,d_414,,,,,1,0,0
2012-03-18,11160,Sunday,7,3,2012,d_415,,,,,1,1,0
2012-03-19,11160,Monday,1,3,2012,d_416,,,,,0,0,1
2012-03-20,11160,Tuesday,2,3,2012,d_417,,,,,0,0,0
2012-03-21,11160,Wednesday,3,3,2012,d_418,,,,,0,0,1
2012-03-22,11160,Thursday,4,3,2012,d_419,,,,,0,1,0
2012-03-23,11160,Friday,5,3,2012,d_420,,,,,0,1,0
2012-03-24,11161,Saturday,6,3,2012,d_421,,,,,1,1,1
2012-03-25,11161,Sunday,7,3,2012,d_422,,,,,0,0,0
2012-03-26,11161,Monday,1,3,2012,d_423,,,,,0,1,0
2012-03-27,11161,Tuesday,2,3,2012,d_424,,,,,0,0,1
2012-03-28,11161,Wednesday,3,3,2012,d_425,,,,,0,0,0
2012-03-29,11161,Thursday,4,3,2012,d_426,,,,,0,0,0
2012-03-30,11161,Friday,5,3,2012,d_427,,,,,0,0,1
2012-03-31,11162,Saturday,6,3,2012,d_428,,,,,1,0,1
2012-04-01,11162,Sunday,7,4,2012,d_429,,,,,1,0,1
2012-04-02,11162,Monday,1,4,2012,d_430,,,,,0,0,1
2012-04-03,11162,Tuesday,2,4,2012,d_431,,,,,1,0,0
2012-04-04,11162,Wednesday,3,4,2012,d_432,,,,,0,0,0
2012-04-05,11162,Thursday,4,4,2012,d_433,,,,,1,0,1
2012-04-06,11162,Friday,5,4,2012,d_434,,,,,1,0,0
2012-04-07,11163,Saturday,6,4,2012,d_435,,,,,1,1,0
2012-04-08,11163,Sunday,7,4,2012,d_436,,,,,0,0,0
2012-04-09,11163,Monday,1,4,2012,d_437,,,,,1,1,1
2012-04-10,11163,Tuesday,2,4,2012,d_438,,,,,1,1,1
2012-04-11,11163,Wednesday,3,4,2012,d_439,,,,,1,1,1
2012-04-12,11163,Thursday,4,4,2012,d_440,,,,,0,1,1
2012-04-13,11163,Friday,5,4,2012,d_441,,,,,1,1,0
2012-04-14,11164,Saturday,6,4,2012,d_442,,,,,1,0,0
2012-04-15,11164,Sunday,7,4,2012,d_443,,,,,1,0,0
2012-04-16,11164,Monday,1,4,2012,d_444,,,,,0,0,0
2012-04-17,11164,Tuesday,2,4,2012,d_445,,,,,0,0,1
2012-04-18,11164,Wednesday,3,4,2012,d_446,,,,,0,1,1
2012-04-19,11164,Thursday,4,4,2012,d_447,,,,,0,0,1
2012-04-20,11164,Friday,5,4,2012,d_448,,,,,1,0,1
2012-04-21,11165,Saturday,6,4,2012,d_449,,,,,0,0,1
2012-04-22,11165,Sunday,7,4,2012,d_450,,,,,0,1,1
2012-04-23,11165,Monday,1,4,2012,d_451,,,,,1,0,1
2012-04-24,11165,Tuesday,2,4,2012,d_452,,,,,0,0,1
2012-04-25,11165,Wednesday,3,4,2012,d_453,,,,,0,1,1
2012-04-26,11165,Thursday,4,4,2012,d_454,,,,,0,0,0
2012-04-27,11165,Friday,5,4,2012,d_455,,,,,0,1,0
2012-04-28,11166,Saturday,6,4,2012,d_456,,,,,1,0,0
2012-04-29,11166,Sunday,7,4,2012,d_457,,,,,1,0,1
2012-04-30,11166,Monday,1,4,2012,d_458,,,,,1,1,0
2012-05-01,11166,Tuesday,2,5,2012,d_459,,,,,0,0,1
2012-05-02,11166,Wednesday,3,5,2012,d_460,,,,,1,0,1
2012-05-03,11166,Thursday,4,5,2012,d_461,,,,,0,1,0
2012-05-04,11166,Friday,5,5,2012,d_462,,,,,1,0,0
2012-05-05,11167,Saturday,6,5,2012,d_463,,,,,1,0,0
2012-05-06,11167,Sunday,7,5,2012,d_464,,,,,1,0,1
2012-05-07,11167,Monday,1,5,2012,d_465,,,,,1,1,0
2012-05-08,11167,Tuesday,2,5,2012,d_466,,,,,1,1,0
2012-05-09,11167,Wednesday,3,5,2012,d_467,,,,,1,0,1
2012-05-10,11167,Thursday,4,5,2012,d_468,,,,,0,0,0
2012-05-11,11167,Friday,5,5,2012,d_469,,,,,1,0,0
2012-05-12,11168,Saturday,6,5,2012,d_470,,,,,1,1,0
2012-05-13,11168,Sunday,7,5,2012,d_471,,,,,1,0,0
2012-05-14,11168,Monday,1,5,2012,d_472,,,,,1,1,0
2012-05-15,11168,Tuesday,2,5,2012,d_473,,,,,1,0,0
2012-05-16,11168,Wednesday,3,5,2012,d_474,,,,,0,0,0
2012-05-17,11168,Thursday,4,5,2012,d_475,,,,,1,0,0
2012-05-18,11168,Friday,5,5,2012,d_476,,,,,1,0,0
2012-05-19,11169,Saturday,6,5,2012,d_477,,,,,0,0,0
2012-05-20,11169,Sunday,7,5,2012,d_478,,,,,1,1,0
2012-05-21,11169,Monday,1,5,2012,d_479,,,,,1,1,1
2012-05-22,11169,Tuesday,2,5,2012,d_480,,,,,1,0,1
2012-05-23,11169,Wednesday,3,5,2012,d_481,,,,,1,1,1
2012-05-24,11169,Thursday,4,5,2012,d_482,,,,,0,0,1
2012-05-25,11169,Friday,5,5,2012,d_483,,,,,0,0,1
2012-05-26,11170,Saturday,6,5,2012,d_484,,,,,0,1,0
2012-05-27,11170,Sunday,7,5,2012,d_485,,,,,0,0,0
2012-05-28,11170,Monday,1,5,2012,d_486,,,,,1,1,0
2012-05-29,11170,Tuesday,2,5,2012,d_487,,,,,1,0,1
2012-05-30,11170,Wednesday,3,5,2012,d_488,,,,,1,1,1
2012-05-31,11170,Thursday,4,5,2012,d_489,,,,,0,0,0
2012-06-01,11170,Friday,5,6,2012,d_490,,,,,0,0,0
2012-06-02,11171,Saturday,6,6,2012,d_491,,,,,1,1,1
2012-06-03,11171,Sunday,7,6,2012,d_492,,,,,1,0,1
2012-06-04,11171,Monday,1,6,2012,d_493,,,,,0,0,0
2012-06-05,11171,Tuesday,2,6,2012,d_494,,,,,0,1,0
2012-06-06,11171,Wednesday,3,6,2012,d_495,,,,,1,0,1
2012-06-07,11171,Thursday,4,6,2012,d_496,,,,,0,0,1
2012-06-08,11171,Friday,5,6,2012,d_497,,,,,0,1,0
2012-06-09,11172,Saturday,6,6,2012,d_498,,,,,0,0,1
2012-06-10,11172,Sunday,7,6,2012,d_499,,,,,0,0,0
2012-06-11,11172,Monday,1,6,2012,d_500,,,,,0,1,0
2012-06-12,11172,Tuesday,2,6,2012,d_501,,,,,1,0,0
2012-06-13,11172,Wednesday,3,6,2012,d_502,,,,,1,0,0
2012-06-14,11172,Thursday,4,6,2012,d_503,,,,,0,0,0
2012-06-15,11172,Friday,5,6,2012,d_504,,,,,1,1,0
2012-06-16,11173,Saturday,6,6,2012,d_505,,,,,1,0,1
2012-06-17,11173,Sunday,7,6,2012,d_506,,,,,0,1,1
2012-06-18,11173,Monday,1,6,2012,d_507,,,,,1,1,1
2012-06-19,11173,Tuesday,2,6,2012,d_508,,,,,1,1,0
2012-06-20,11173,Wednesday,3,6,2012,d_509,,,,,0,0,1
2012-06-21,11173,Thursday,4,6,2012,d_510,,,,,1,0,1
2012-06-22,11173,Friday,5,6,2012,d_511,,,,,0,1,0
2012-06-23,11174,Saturday,6,6,2012,d_512,,,,,1,0,1
2012-06-24,11174,Sunday,7,6,2012,d_513,,,,,0,0,1
2012-06-25,11174,Monday,1,6,2012,d_514,,,,,0,0,1
2012-06-26,11174,Tuesday,2,6,2012,d_515,,,,,0,1,0
2012-06-27,11174,Wednesday,3,6,2012,d_516,,,,,0,0,1
2012-06-28,11174,Thursday,4,6,2012,d_517,,,,,0,0,1
2012-06-29,11174,Friday,5,6,2012,d_518,,,,,1,0,1
2012-06-30,11175,Saturday,6,6,2012,d_519,,,,,1,0,1
2012-07-01,11175,Sunday,7,7,2012,d_520,,,,,0,0,0
2012-07-02,11175,Monday,1,7,2012,d_521,,,,,0,1,0
2012-07-03,11175,Tuesday,2,7,2012,d_522,,,,,0,0,0
2012-07-04,11175,Wednesday,3,7,2012,d_523,,,,,0,0,1
2012-07-05,11175,Thursday,4,7,2012,d_524,,,,,1,0,0
2012-07-06,11175,Friday,5,7,2012,d_525,,,,,1,0,1
2012-07-07,11176,Saturday,6,7,2012,d_526,,,,,1,1,0
2012-07-08,11176,Sunday,7,7,2012,d_527,,,,,0,0,1
2012-07-09,11176,Monday,1,7,2012,d_528,,,,,1,0,1
2012-07-10,11176,Tuesday,2,7,2012,d_529,,,,,0,1,1
2012-07-11,11176,Wednesday,3,7,2012,d_530,,,,,0,0,0
2012-07-12,11176,Thursday,4,7,2012,d_531,,,,,0,0,1
2012-07-13,11176,Friday,5,7,2012,d_532,,,,,1,0,1
2012-07-14,11177,Saturday,6,7,2012,d_533,,,,,1,0,0
2012-07-15,11177,Sunday,7,7,2012,d_534,,,,,0,0,0
2012-07-16,11177,Monday,1,7,2012,d_535,,,,,0,1,1
2012-07-17,11177,Tuesday,2,7,2012,d_536,,,,,1,1,1
2012-07-18,11177,Wednesday,3,7,2012,d_537,,,,,0,1,1
2012-07-19,11177,Thursday,4,7,2012,d_538,,,,,0,0,1
2012-07-20,11177,Friday,5,7,2012,d_539,,,,,0,1,1
2012-07-21,11178,Saturday,6,7,2012,d_540,,,,,1,1,0
2012-07-22,11178,Sunday,7,7,2012,d_541,,,,,0,0,0
2012-07-23,11178,Monday,1,7,2012,d_542,,,,,1,1,1
2012-07-24,11178,Tuesday,2,7,2012,d_543,,,,,0,0,0
2012-07-25,11178,Wednesday,3,7,2012,d_544,,,,,0,0,0
2012-07-26,11178,Thursday,4,7,2012,d_545,,,,,0,1,1
2012-07-27,11178,Friday,5,7,2012,d_546,,,,,0,1,0
2012-07-28,11179,Saturday,6,7,2012,d_547,,,,,0,1,1
2012-07-29,11179,Sunday,7,7,2012,d_548,,,,,1,0,1
2012-07-30,11179,Monday,1,7,2012,d_549,,,,,1,1,0
2012-07-31,11179,Tuesday,2,7,2012,d_550,,,,,1,0,0
2012-08-01,11179,Wednesday,3,8,2012,d_551,,,,,0,0,1
2012-08-02,11179,Thursday,4,8,2012,d_552,,,,,1,0,0
2012-08-03,11179,Friday,5,8,2012,d_553,,,,,1,1,1
2012-08-04,11180,Saturday,6,8,2012,d_554,,,,,1,0,0
2012-08-05,11180,Sunday,7,8,2012,d_555,,,,,0,0,1
2012-08-06,11180,Monday,1,8,2012,d_556,,,,,1,0,0
2012-08-07,11180,Tuesday,2,8,2012,d_557,,,,,1,0,1
2012-08-08,11180,Wednesday,3,8,2012,d_558,,,,,1,0,0
2012-08-09,11180,Thursday,4,8,2012,d_559,,,,,0,0,0
2012-08-10,11180,Friday,5,8,2012,d_560,,,,,1,0,1
2012-08-11,11181,Saturday,6,8,2012,d_561,,,,,0,1,1
2012-08-12,11181,Sunday,7,8,2012,d_562,,,,,1,1,1
2012-08-13,11181,Monday,1,8,2012,d_563,,,,,1,0,1
2012-08-14,11181,Tuesday,2,8,2012,d_564,,,,,0,1,1
2012-08-15,11181,Wednesday,3,8,2012,d_565,,,,,1,0,0
2012-08-16,11181,Thursday,4,8,2012,d_566,,,,,0,1,1
2012-08-17,11181,Friday,5,8,2012,d_567,,,,,1,0,1
2012-08-18,11182,Saturday,6,8,2012,d_568,,,,,0,1,1
2012-08-19,11182,Sunday,7,8,2012,d_569,,,,,0,1,1
2012-08-20,11182,Monday,1,8,2012,d_570,,,,,0,0,0
2012-08-21,11182,Tuesday,2,8,2012,d_571,,,,,0,0,1
2012-08-22,11182,Wednesday,3,8,2012,d_572,,,,,0,1,0
2012-08-23,11182,Thursday,4,8,2012,d_573,,,,,0,1,1
2012-08-24,11182,Friday,5,8,2012,d_574,,,,,1,1,1
2012-08-25,11183,Saturday,6,8,2012,d_575,,,,,1,1,1
2012-08-26,11183,Sunday,7,8,2012,d_576,,,,,0,0,0
2012-08-27,11183,Monday,1,8,2012,d_577,,,,,1,1,1
2012-08-28,11183,Tuesday,2,8,2012,d_578,,,,,1,1,1
2012-08-29,11183,Wednesday,3,8,2012,d_579,,,,,0,1,0
2012-08-30,11183,Thursday,4,8,2012,d_580,,,,,1,1,1
2012-08-31,11183,Friday,5,8,2012,d_581,,,,,1,1,1
2012-09-01,11184,Saturday,6,9,2012,d_582,,,,,0,1,0
2012-09-02,11184,Sunday,7,9,2012,d_583,,,,,0,1,1
2012-09-03,11184,Monday,1,9,2012,d_584,,,,,1,1,1
2012-09-04,11184,Tuesday,2,9,2012,d_585,,,,,0,1,1
2012-09-05,11184,Wednesday,3,9,2012,d_586,,,,,1,0,0
2012-09-06,11184,Thursday,4,9,2012,d_587,,,,,1,1,1
2012-09-07,11184,Friday,5,9,2012,d_588,,,,,0,1,1
2012-09-08,11185,Saturday,6,9,2012,d_589,,,,,0,0,0
2012-09-09,11185,Sunday,7,9,2012,d_590,,,,,1,1,0
2012-09-10,11185,Monday,1,9,2012,d_591,,,,,0,0,0
2012-09-11,11185,Tuesday,2,9,2012,d_592,,,,,1,0,1
2012-09-12,11185,Wednesday,3,9,2012,d_593,,,,,0,0,0
2012-09-13,11185,Thursday,4,9,2012,d_594,,,,,0,0,0
2012-09-14,11185,Friday,5,9,2012,d_595,,,,,1,1,1
2012-09-15,11186,Saturday,6,9,2012,d_596,,,,,1,0,1
2012-09-16,11186,Sunday,7,9,2012,d_597,,,,,1,0,0
2012-09-17,11186,Monday,1,9,2012,d_598,,,,,0,1,0
2012-09-18,11186,Tuesday,2,9,2012,d_599,,,,,0,1,0
2012-09-19,11186,Wednesday,3,9,2012,d_600,,,,,1,1,1
2012-09-20,11186,Thursday,4,9,2012,d_601,,,,,0,1,1
2012-09-21,11186,Friday,5,9,2012,d_602,,,,,1,1,0
2012-09-22,11187,Saturday,6,9,2012,d_603,,,,,0,0,0
2012-09-23,11187,Sunday,7,9,2012,d_604,,,,,0,1,1
2012-09-24,11187,Monday,1,9,2012,d_605,,,,,0,0,1
2012-09-25,11187,Tuesday,2,9,2012,d_606,,,,,0,0,1
2012-09-26,11187,Wednesday,3,9,2012,d_607,,,,,0,0,0
2012-09-27,11187,Thursday,4,9,2012,d_608,,,,,0,0,1
2012-09-28,11187,Friday,5,9,2012,d_609,,,,,0,0,1
2012-09-29,11188,Saturday,6,9,2012,d_610,,,,,1,1,0
2012-09-30,11188,Sunday,7,9,2012,d_611,,,,,1,0,0
2012-10-01,11188,Monday,1,10,2012,d_612,,,,,1,1,1
2012-10-02,11188,Tuesday,2,10,2012,d_613,,,,,0,1,1
2012-10-03,11188,Wednesday,3,10,2012,d_614,,,,,0,0,1
2012-10-04,11188,Thursday,4,10,2012,d_615,,,,,1,0,0
2012-10-05,11188,Friday,5,10,2012,d_616,,,,,1,1,0
2012-10-06,11189,Saturday,6,10,2012,d_617,,,,,1,1,1
2012-10-07,11189,Sunday,7,10,2012,d_618,,,,,0,0,1
2012-10-08,11189,Monday,1,10,2012,d_619,,,,,0,1,1
2012-10-09,11189,Tuesday,2,10,2012,d_620,,,,,1,0,0
2012-10-10,11189,Wednesday,3,10,2012,d_621,,,,,0,0,0
2012-10-11,11189,Thursday,4,10,2012,d_622,,,,,1,0,1
2012-10-12,11189,Friday,5,10,2012,d_623,,,,,1,0,0
2012-10-13,11190,Saturday,6,10,2012,d_624,,,,,1,0,0
2012-10-14,11190,Sunday,7,10,2012,d_625,,,,,1,1,0
2012-10-15,11190,Monday,1,10,2012,d_626,,,,,0,0,1
2012-10-16,11190,Tuesday,2,10,2012,d_627,,,,,0,0,1
2012-10-17,11190,Wednesday,3,10,2012,d_628,,,,,1,0,0
2012-10-18,11190,Thursday,4,10,2012,d_629,,,,,1,0,0
2012-10-19,11190,Friday,5,10,2012,d_630,,,,,0,1,1
2012-10-20,11191,Saturday,6,10,2012,d_631,,,,,1,0,0
2012-10-21,11191,Sunday,7,10,2012,d_632,,,,,1,1,0
2012-10-22,11191,Monday,1,10,2012,d_633,,,,,1,0,0
2012-10-23,11191,Tuesday,2,10,2012,d_634,,,,,1,1,1
2012-10-24,11191,Wednesday,3,10,2012,d_635,,,,,1,0,1
2012-10-25,11191,Thursday,4,10,2012,d_636,,,,,1,1,0
2012-10-26,11191,Friday,5,10,2012,d_637,,,,,1,1,0
2012-10-27,11192,Saturday,6,10,2012,d_638,,,,,0,1,0
2012-10-28,11192,Sunday,7,10,2012,d_639,,,,,0,1,0
2012-10-29,11192,Monday,1,10,2012,d_640,,,,,0,0,1
2012-10-30,11192,Tuesday,2,10,2012,d_641,,,,,1,1,0
2012-10-31,11192,Wednesday,3,10,2012,d_642,,,,,0,1,0
2012-11-01,11192,Thursday,4,11,2012,d_643,,,,,0,1,0
2012-11-02,11192,Friday,5,11,2012,d_644,,,,,0,0,0
2012-11-03,11193,Saturday,6,11,2012,d_645,,,,,0,1,1
2012-11-04,11193,Sunday,7,11,2012,d_646,,,,,0,0,1
2012-11-05,11193,Monday,1,11,2012,d_647,,,,,0,0,0
2012-11-06,11193,Tuesday,2,11,2012,d_648,,,,,0,0,1
2012-11-07,11193,Wednesday,3,11,2012,d_649,,,,,0,1,1
2012-11-08,11193,Thursday,4,11,2012,d_650,,,,,1,0,0
2012-11-09,11193,Friday,5,11,2012,d_651,,,,,0,0,0
2012-11-10,11194,Saturday,6,11,2012,d_652,,,,,1,0,1
2012-11-11,11194,Sunday,7,11,2012,d_653,,,,,1,1,1
2012-11-12,11194,Monday,1,11,2012,d_654,,,,,0,0,0
2012-11-13,11194,Tuesday,2,11,2012,d_655,,,,,1,1,1
2012-11-14,11194,Wednesday,3,11,2012,d_656,,,,,0,0,0
2012-11-15,11194,Thursday,4,11,2012,d_657,,,,,1,1,1
2012-11-16,11194,Friday,5,11,2012,d_658,,,,,0,1,0
2012-11-17,11195,Saturday,6,11,2012,d_659,,,,,0,1,0
2012-11-18,11195,Sunday,7,11,2012,d_660,,,,,1,0,0
2012-11-19,11195,Monday,1,11,2012,d_661,,,,,1,0,0
2012-11-20,11195,Tuesday,2,11,2012,d_662,,,,,1,0,0
2012-11-21,11195,Wednesday,3,11,2012,d_663,,,,,0,1,0
2012-11-22,11195,Thursday,4,11,2012,d_664,,,,,1,1,0
2012-11-23,11195,Friday,5,11,2012,d_665,,,,,1,0,0
2012-11-24,11196,Saturday,6,11,2012,d_666,,,,,0,0,1
2012-11-25,11196,Sunday,7,11,2012,d_667,,,,,1,1,1
2012-11-26,11196,Monday,1,11,2012,d_668,,,,,1,1,0
2012-11-27,11196,Tuesday,2,11,2012,d_669,,,,,1,1,0
2012-11-28,11196,Wednesday,3,11,2012,d_670,,,,,1,1,1
2012-11-29,11196,Thursday,4,11,2012,d_671,,,,,1,1,0
2012-11-30,11196,Friday,5,11,2012,d_672,,,,,1,0,1
2012-12-01,11197,Saturday,6,12,2012,d_673,,,,,1,0,1
2012-12-02,11197,Sunday,7,12,2012,d_674,,,,,0,0,0
2012-12-03,11197,Monday,1,12,2012,d_675,,,,,0,1,1
2012-12-04,11197,Tuesday,2,12,2012,d_676,,,,,1,0,1
2012-12-05,11197,Wednesday,3,12,2012,d_677,,,,,0,1,1
2012-12-06,11197,Thursday,4,12,2012,d_678,,,,,0,0,1
2012-12-07,11197,Friday,5,12,2012,d_679,,,,,0,0,1
2012-12-08,11198,Saturday,6,12,2012,d_680,,,,,0,0,0
2012-12-09,11198,Sunday,7,12,2012,d_681,,,,,0,1,1
2012-12-10,11198,Monday,1,12,2012,d_682,,,,,1,1,1
2012-12-11,11198,Tuesday,2,12,2012,d_683,,,,,0,1,1
2012-12-12,11198,Wednesday,3,12,2012,d_684,,,,,1,0,1
2012-12-13,11198,Thursday,4,12,2012,d_685,,,,,1,0,1
2012-12-14,11198,Friday,5,12,2012,d_686,,,,,0,0,0
2012-12-15,11199,Saturday,6,12,2012,d_687,,,,,1,0,1
2012-12-16,11199,Sunday,7,12,2012,d_688,,,,,0,0,1
2012-12-17,11199,Monday,1,12,2012,d_689,,,,,0,1,0
2012-12-18,11199,Tuesday,2,12,2012,d_690,,,,,0,0,1
2012-12-19,11199,Wednesday,3,12,2012,d_691,,,,,1,0,1
2012-12-20,11199,Thursday,4,12,2012,d_692,,,,,0,1,1
2012-12-21,11199,Friday,5,12,2012,d_693,,,,,0,0,1
2012-12-22,11200,Saturday,6,12,2012,d_694,,,,,1,0,1
2012-12-23,11200,Sunday,7,12,2012,d_695,,,,,0,0,0
2012-12-24,11200,Monday,1,12,2012,d_696,,,,,0,1,0
2012-12-25,11200,Tuesday,2,12,2012,d_697,,,,,0,1,0
2012-12-26,11200,Wednesday,3,12,2012,d_698,,,,,0,1,1
2012-12-27,11200,Thursday,4,12,2012,d_699,,,,,1,0,0
2012-12-28,11200,Friday,5,12,2012,d_700,,,,,0,1,0
2012-12-29,11201,Saturday,6,12,2012,d_701,,,,,0,1,1
2012-12-30,11201,Sunday,7,12,2012,d_702,,,,,1,1,1
2012-12-31,11201,Monday,1,12,2012,d_703,,,,,1,1,0
2013-01-01,11201,Tuesday,2,1,2013,d_704,,,,,0,0,0
2013-01-02,11201,Wednesday,3,1,2013,d_705,,,,,1,0,0
2013-01-03,11201,Thursday,4,1,2013,d_706,,,,,0,0,0
2013-01-04,11201,Friday,5,1,2013,d_707,,,,,0,1,1
2013-01-05,11202,Saturday,6,1,2013,d_708,,,,,1,1,0
2013-01-06,11202,Sunday,7,1,2013,d_709,,,,,0,0,0
2013-01-07,11202,Monday,1,1,2013,d_710,,,,,0,1,1
2013-01-08,11202,Tuesday,2,1,2013,d_711,,,,,0,1,1
2013-01-09,11202,Wednesday,3,1,2013,d_712,,,,,0,1,0
2013-01-10,11202,Thursday,4,1,2013,d_713,,,,,0,1,0
2013-01-11,11202,Friday,5,1,2013,d_714,,,,,1,0,0
2013-01-12,11203,Saturday,6,1,2013,d_715,,,,,1,1,0
2013-01-13,11203,Sunday,7,1,2013,d_716,,,,,1,0,1
2013-01-14,11203,Monday,1,1,2013,d_717,,,,,0,1,1
2013-01-15,11203,Tuesday,2,1,2013,d_718,,,,,1,1,1
2013-01-16,11203,Wednesday,3,1,2013,d_719,,,,,0,1,1
2013-01-17,11203,Thursday,4,1,2013,d_720,,,,,0,1,1
2013-01-18,11203,Friday,5,1,2013,d_721,,,,,1,1,0
2013-01-19,11204,Saturday,6,1,2013,d_722,,,,,0,0,1
2013-01-20,11204,Sunday,7,1,2013,d_723,,,,,0,1,0
2013-01-21,11204,Monday,1,1,2013,d_724,,,,,1,1,1
2013-01-22,11204,Tuesday,2,1,2013,d_725,,,,,0,1,1
2013-01-23,11204,Wednesday,3,1,2013,d_726,,,,,0,1,0
2013-01-24,11204,Thursday,4,1,2013,d_727,,,,,1,0,1
2013-01-25,11204,Friday,5,1,2013,d_728,,,,,0,0,0
2013-01-26,11205,Saturday,6,1,2013,d_729,,,,,1,0,0
2013-01-27,11205,Sunday,7,1,2013,d_730,,,,,1,1,0
2013-01-28,11205,Monday,1,1,2013,d_731,,,,,1,0,0
2013-01-29,11205,Tuesday,2,1,2013,d_732,,,,,1,1,1
2013-01-30,11205,Wednesday,3,1,2013,d_733,,,,,1,1,0
2013-01-31,11205,Thursday,4,1,2013,d_734,,,,,0,1,1
2013-02-01,11205,Friday,5,2,2013,d_735,,,,,1,0,0
2013-02-02,11206,Saturday,6,2,2013,d_736,,,,,0,0,0
2013-02-03,11206,Sunday,7,2,2013,d_737,,,,,0,0,0
2013-02-04,11206,Monday,1,2,2013,d_738,,,,,1,0,1
2013-02-05,11206,Tuesday,2,2,2013,d_739,,,,,0,1,0
2013-02-06,11206,Wednesday,3,2,2013,d_740,,,,,1,1,0
2013-02-07,11206,Thursday,4,2,2013,d_741,,,,,0,0,1
2013-02-08,11206,Friday,5,2,2013,d_742,,,,,0,0,0
2013-02-09,11207,Saturday,6,2,2013,d_743,,,,,1,1,0
2013-02-10,11207,Sunday,7,2,2013,d_744,,,,,1,0,0
2013-02-11,11207,Monday,1,2,2013,d_745,,,,,0,1,0
2013-02-12,11207,Tuesday,2,2,2013,d_746,,,,,0,1,0
2013-02-13,11207,Wednesday,3,2,2013,d_747,,,,,1,1,0
2013-02-14,11207,Thursday,4,2,2013,d_748,,,,,1,1,0
2013-02-15,11207,Friday,5,2,2013,d_749,,,,,1,1,0
2013-02-16,11208,Saturday,6,2,2013,d_750,,,,,0,0,1
2013-02-17,11208,Sunday,7,2,2013,d_751,,,,,1,1,0
2013-02-18,11208,Monday,1,2,2013,d_752,,,,,1,0,1
2013-02-19,11208,Tuesday,2,2,2013,d_753,,,,,1,1,1
2013-02-20,11208,Wednesday,3,2,2013,d_754,,,,,1,1,1
2013-02-21,11208,Thursday,4,2,2013,d_755,,,,,1,1,1
2013-02-22,11208,Friday,5,2,2013,d_756,,,,,0,0,0
2013-02-23,11209,Saturday,6,2,2013,d_757,,,,,1,0,1
2013-02-24,11209,Sunday,7,2,2013,d_758,,,,,1,1,1
2013-02-25,11209,Monday,1,2,2013,d_759,,,,,1,1,0
2013-02-26,11209,Tuesday,2,2,2013,d_760,,,,,1,0,1
2013-02-27,11209,Wednesday,3,2,2013,d_761,,,,,1,1,1
2013-02-28,11209,Thursday,4,2,2013,d_762,,,,,1,0,1
2013-03-01,11209,Friday,5,3,2013,d_763,,,,,1,1,0
2013-03-02,11210,Saturday,6,3,2013,d_764,,,,,0,0,1
2013-03-03,11210,Sunday,7,3,2013,d_765,,,,,0,0,0
2013-03-04,11210,Monday,1,3,2013,d_766,,,,,1,1,1
2013-03-05,11210,Tuesday,2,3,2013,d_767,,,,,1,0,1
2013-03-06,11210,Wednesday,3,3,2013,d_768,,,,,0,0,1
2013-03-07,11210,Thursday,4,3,2013,d_769,,,,,1,1,0
2013-03-08,11210,Friday,5,3,2013,d_770,,,,,1,1,1
2013-03-09,11211,Saturday,6,3,2013,d_771,,,,,0,1,1
2013-03-10,11211,Sunday,7,3,2013,d_772,,,,,0,1,1
2013-03-11,11211,Monday,1,3,2013,d_773,,,,,1,1,1
2013-03-12,11211,Tuesday,2,3,2013,d_774,,,,,0,1,0
2013-03-13,11211,Wednesday,3,3,2013,d_775,,,,,1,1,1
2013-03-14,11211,Thursday,4,3,2013,d_776,,,,,1,1,1
2013-03-15,11211,Friday,5,3,2013,d_777,,,,,0,1,0
2013-03-16,11212,Saturday,6,3,2013,d_778,,,,,1,1,0
2013-03-17,11212,Sunday,7,3,2013,d_779,,,,,0,0,1
2013-03-18,11212,Monday,1,3,2013,d_780,,,,,1,1,0
2013-03-19,11212,Tuesday,2,3,2013,d_781,,,,,1,0,1
2013-03-20,11212,Wednesday,3,3,2013,d_782,,,,,0,1,1
2013-03-21,11212,Thursday,4,3,2013,d_783,,,,,1,0,0
2013-03-22,11212,Friday,5,3,2013,d_784,,,,,1,0,0
2013-03-23,11213,Saturday,6,3,2013,d_785,,,,,0,0,1
2013-03-24,11213,Sunday,7,3,2013,d_786,,,,,1,1,1
2013-03-25,11213,Monday,1,3,2013,d_787,,,,,0,1,1
2013-03-26,11213,Tuesday,2,3,2013,d_788,,,,,0,0,1
2013-03-27,11213,Wednesday,3,3,2013,d_789,,,,,0,1,1
2013-03-28,11213,Thursday,4,3,2013,d_790,,,,,0,0,0
2013-03-29,11213,Friday,5,3,2013,d_791,,,,,1,1,1
2013-03-30,11214,Saturday,6,3,2013,d_792,,,,,0,0,0
2013-03-31,11214,Sunday,7,3,2013,d_793,,,,,1,0,0
2013-04-01,11214,Monday,1,4,2013,d_794,,,,,1,0,0
2013-04-02,11214,Tuesday,2,4,2013,d_795,,,,,0,0,1
2013-04-03,11214,Wednesday,3,4,2013,d_796,,,,,1,0,0
2013-04-04,11214,Thursday,4,4,2013,d_797,,,,,1,1,1
2013-04-05,11214,Friday,5,4,2013,d_798,,,,,1,0,0
2013-04-06,11215,Saturday,6,4,2013,d_799,,,,,0,1,1
2013-04-07,11215,Sunday,7,4,2013,d_800,,,,,1,1,0
2013-04-08,11215,Monday,1,4,2013,d_801,,,,,0,0,0
2013-04-09,11215,Tuesday,2,4,2013,d_802,,,,,0,1,0
2013-04-10,11215,Wednesday,3,4,2013,d_803,,,,,0,0,1
2013-04-11,11215,Thursday,4,4,2013,d_804,,,,,0,0,1
2013-04-12,11215,Friday,5,4,2013,d_805,,,,,0,1,0
2013-04-13,11216,Saturday,6,4,2013,d_806,,,,,0,1,1
2013-04-14,11216,Sunday,7,4,2013,d_807,,,,,1,1,0
2013-04-15,11216,Monday,1,4,2013,d_808,,,,,1,0,1
2013-04-16,11216,Tuesday,2,4,2013,d_809,,,,,1,0,1
2013-04-17,11216,Wednesday,3,4,2013,d_810,,,,,1,0,0
2013-04-18,11216,Thursday,4,4,2013,d_811,,,,,0,1,0
2013-04-19,11216,Friday,5,4,2013,d_812,,,,,1,0,0
2013-04-20,11217,Saturday,6,4,2013,d_813,,,,,0,0,1
2013-04-21,11217,Sunday,7,4,2013,d_814,,,,,1,1,1
2013-04-22,11217,Monday,1,4,2013,d_815,,,,,0,1,0
2013-04-23,11217,Tuesday,2,4,2013,d_816,,,,,1,1,1
2013-04-24,11217,Wednesday,3,4,2013,d_817,,,,,0,1,1
2013-04-25,11217,Thursday,4,4,2013,d_818,,,,,1,0,1
2013-04-26,11217,Friday,5,4,2013,d_819,,,,,0,0,0
2013-04-27,11218,Saturday,6,4,2013,d_820,,,,,1,0,0
2013-04-28,11218,Sunday,7,4,2013,d_821,,,,,0,1,1
2013-04-29,11218,Monday,1,4,2013,d_822,,,,,1,0,1
2013-04-30,11218,Tuesday,2,4,2013,d_823,,,,,1,1,0
2013-05-01,11218,Wednesday,3,5,2013,d_824,,,,,1,0,1
2013-05-02,11218,Thursday,4,5,2013,d_825,,,,,0,1,1
2013-05-03,11218,Friday,5,5,2013,d_826,,,,,0,1,0
2013-05-04,11219,Saturday,6,5,2013,d_827,,,,,0,1,1
2013-05-05,11219,Sunday,7,5,2013,d_828,,,,,1,1,0
2013-05-06,11219,Monday,1,5,2013,d_829,,,,,1,1,1
2013-05-07,11219,Tuesday,2,5,2013,d_830,,,,,1,0,0
2013-05-08,11219,Wednesday,3,5,2013,d_831,,,,,1,0,0
2013-05-09,11219,Thursday,4,5,2013,d_832,,,,,1,0,1
2013-05-10,11219,Friday,5,5,2013,d_833,,,,,1,0,0
2013-05-11,11220,Saturday,6,5,2013,d_834,,,,,0,1,1
2013-05-12,11220,Sunday,7,5,2013,d_835,,,,,1,0,0
2013-05-13,11220,Monday,1,5,2013,d_836,,,,,1,1,1
2013-05-14,11220,Tuesday,2,5,2013,d_837,,,,,1,0,0
2013-05-15,11220,Wednesday,3,5,2013,d_838,,,,,1,0,1
2013-05-16,11220,Thursday,4,5,2013,d_839,,,,,0,0,0
2013-05-17,11220,Friday,5,5,2013,d_840,,,,,1,1,1
2013-05-18,11221,Saturday,6,5,2013,d_841,,,,,1,1,0
2013-05-19,11221,Sunday,7,5,2013,d_842,,,,,0,1,0
2013-05-20,11221,Monday,1,5,2013,d_843,,,,,1,0,0
2013-05-21,11221,Tuesday,2,5,2013,d_844,,,,,0,0,0
2013-05-22,11221,Wednesday,3,5,2013,d_845,,,,,0,0,0
2013-05-23,11221,Thursday,4,5,2013,d_846,,,,,0,1,0
2013-05-24,11221,Friday,5,5,2013,d_847,,,,,0,0,0
2013-05-25,11222,Saturday,6,5,2013,d_848,,,,,1,1,1
2013-05-26,11222,Sunday,7,5,2013,d_849,,,,,1,0,0
2013-05-27,11222,Monday,1,5,2013,d_850,,,,,0,1,1
2013-05-28,11222,Tuesday,2,5,2013,d_851,,,,,0,0,1
2013-05-29,11222,Wednesday,3,5,2013,d_852,,,,,1,1,0
2013-05-30,11222,Thursday,4,5,2013,d_853,,,,,1,1,1
2013-05-31,11222,Friday,5,5,2013,d_854,,,,,0,1,1
2013-06-01,11223,Saturday,6,6,2013,d_855,,,,,0,0,0
2013-06-02,11223,Sunday,7,6,2013,d_856,,,,,0,0,1
2013-06-03,11223,Monday,1,6,2013,d_857,,,,,1,0,0
2013-06-04,11223,Tuesday,2,6,2013,d_858,,,,,0,0,1
2013-06-05,11223,Wednesday,3,6,2013,d_859,,,,,1,1,0
2013-06-06,11223,Thursday,4,6,2013,d_860,,,,,1,1,1
2013-06-07,11223,Friday,5,6,2013,d_861,,,,,0,1,0
2013-06-08,11224,Saturday,6,6,2013,d_862,,,,,1,0,1
2013-06-09,11224,Sunday,7,6,2013,d_863,,,,,1,0,1
2013-06-10,11224,Monday,1,6,2013,d_864,,,,,0,1,0
2013-06-11,11224,Tuesday,2,6,2013,d_865,,,,,0,1,1
2013-06-12,11224,Wednesday,3,6,2013,d_866,,,,,0,1,1
2013-06-13,11224,Thursday,4,6,2013,d_867,,,,,0,0,1
2013-06-14,11224,Friday,5,6,2013,d_868,,,,,1,0,0
2013-06-15,11225,Saturday,6,6,2013,d_869,,,,,0,1,1
2013-06-16,11225,Sunday,7,6,2013,d_870,,,,,0,1,0
2013-06-17,11225,Monday,1,6,2013,d_871,,,,,1,1,1
2013-06-18,11225,Tuesday,2,6,2013,d_872,,,,,0,1,0
2013-06-19,11225,Wednesday,3,6,2013,d_873,,,,,1,1,0
2013-06-20,11225,Thursday,4,6,2013,d_874,,,,,0,1,1
2013-06-21,11225,Friday,5,6,2013,d_875,,,,,1,1,1
2013-06-22,11226,Saturday,6,6,2013,d_876,,,,,0,1,0
2013-06-23,11226,Sunday,7,6,2013,d_877,,,,,1,1,0
2013-06-24,11226,Monday,1,6,2013,d_878,,,,,1,0,1
2013-06-25,11226,Tuesday,2,6,2013,d_879,,,,,1,0,1
2013-06-26,11226,Wednesday,3,6,2013,d_880,,,,,0,1,1
2013-06-27,11226,Thursday,4,6,2013,d_881,,,,,1,1,1
2013-06-28,11226,Friday,5,6,2013,d_882,,,,,1,1,0
2013-06-29,11227,Saturday,6,6,2013,d_883,,,,,0,1,0
2013-06-30,11227,Sunday,7,6,2013,d_884,,,,,0,1,0
2013-07-01,11227,Monday,1,7,2013,d_885,,,,,1,1,0
2013-07-02,11227,Tuesday,2,7,2013,d_886,,,,,0,0,0
2013-07-03,11227,Wednesday,3,7,2013,d_887,,,,,1,0,0
2013-07-04,11227,Thursday,4,7,2013,d_888,,,,,0,0,0
2013-07-05,11227,Friday,5,7,2013,d_889,,,,,1,0,1
2013-07-06,11228,Saturday,6,7,2013,d_890,,,,,0,0,0
2013-07-07,11228,Sunday,7,7,2013,d_891,,,,,0,0,0
2013-07-08,11228,Monday,1,7,2013,d_892,,,,,0,0,0
2013-07-09,11228,Tuesday,2,7,2013,d_893,,,,,0,1,0
2013-07-10,11228,Wednesday,3,7,2013,d_894,,,,,0,0,0
2013-07-11,11228,Thursday,4,7,2013,d_895,,,,,0,1,1
2013-07-12,11228,Friday,5,7,2013,d_896,,,,,0,1,1
2013-07-13,11229,Saturday,6,7,2013,d_897,,,,,0,0,0
2013-07-14,11229,Sunday,7,7,2013,d_898,,,,,0,1,0
2013-07-15,11229,Monday,1,7,2013,d_899,,,,,0,0,0
2013-07-16,11229,Tuesday,2,7,2013,d_900,,,,,1,1,1
2013-07-17,11229,Wednesday,3,7,2013,d_901,,,,,0,1,0
2013-07-18,11229,Thursday,4,7,2013,d_902,,,,,1,0,0
2013-07-19,11229,Friday,5,7,2013,d_903,,,,,1,0,0
2013-07-20,11230,Saturday,6,7,2013,d_904,,,,,0,0,1
2013-07-21,11230,Sunday,7,7,2013,d_905,,,,,0,0,1
2013-07-22,11230,Monday,1,7,2013,d_906,,,,,0,0,1
2013-07-23,11230,Tuesday,2,7,2013,d_907,,,,,1,0,0
2013-07-24,11230,Wednesday,3,7,2013,d_908,,,,,1,0,0
2013-07-25,11230,Thursday,4,7,2013,d_909,,,,,1,0,0
2013-07-26,11230,Friday,5,7,2013,d_910,,,,,0,1,0
2013-07-27,11231,Saturday,6,7,2013,d_911,,,,,0,1,1
2013-07-28,11231,Sunday,7,7,2013,d_912,,,,,0,1,0
2013-07-29,11231,Monday,1,7,2013,d_913,,,,,1,1,0
2013-07-30,11231,Tuesday,2,7,2013,d_914,,,,,0,0,1
2013-07-31,11231,Wednesday,3,7,2013,d_915,,,,,1,1,0
2013-08-01,11231,Thursday,4,8,2013,d_916,,,,,1,1,0
2013-08-02,11231,Friday,5,8,2013,d_917,,,,,0,1,1
2013-08-03,11232,Saturday,6,8,2013,d_918,,,,,0,0,0
2013-08-04,11232,Sunday,7,8,2013,d_919,,,,,1,1,1
2013-08-05,11232,Monday,1,8,2013,d_920,,,,,0,1,0
2013-08-06,11232,Tuesday,2,8,2013,d_921,,,,,1,1,0
2013-08-07,11232,Wednesday,3,8,2013,d_922,,,,,0,0,1
2013-08-08,11232,Thursday,4,8,2013,d_923,,,,,0,1,0
2013-08-09,11232,Friday,5,8,2013,d_924,,,,,1,0,1
2013-08-10,11233,Saturday,6,8,2013,d_925,,,,,0,1,0
2013-08-11,11233,Sunday,7,8,2013,d_926,,,,,1,0,0
2013-08-12,11233,Monday,1,8,2013,d_927,,,,,1,1,1
2013-08-13,11233,Tuesday,2,8,2013,d_928,,,,,1,1,0
2013-08-14,11233,Wednesday,3,8,2013,d_929,,,,,1,0,0
2013-08-15,11233,Thursday,4,8,2013,d_930,,,,,0,1,1
2013-08-16,11233,Friday,5,8,2013,d_931,,,,,0,0,1
2013-08-17,11234,Saturday,6,8,2013,d_932,,,,,1,0,1
2013-08-18,11234,Sunday,7,8,2013,d_933,,,,,0,1,0
2013-08-19,11234,Monday,1,8,2013,d_934,,,,,1,0,1
2013-08-20,11234,Tuesday,2,8,2013,d_935,,,,,0,0,0
2013-08-21,11234,Wednesday,3,8,2013,d_936,,,,,0,1,0
2013-08-22,11234,Thursday,4,8,2013,d_937,,,,,0,1,0
2013-08-23,11234,Friday,5,8,2013,d_938,,,,,0,1,1
2013-08-24,11235,Saturday,6,8,2013,d_939,,,,,0,1,1
2013-08-25,11235,Sunday,7,8,2013,d_940,,,,,1,1,0
2013-08-26,11235,Monday,1,8,2013,d_941,,,,,0,1,0
2013-08-27,11235,Tuesday,2,8,2013,d_942,,,,,1,0,1
2013-08-28,11235,Wednesday,3,8,2013,d_943,,,,,1,1,1
2013-08-29,11235,Thursday,4,8,2013,d_944,,,,,0,0,0
2013-08-30,11235,Friday,5,8,2013,d_945,,,,,0,0,1
2013-08-31,11236,Saturday,6,8,2013,d_946,,,,,1,0,1
2013-09-01,11236,Sunday,7,9,2013,d_947,,,,,0,1,0
2013-09-02,11236,Monday,1,9,2013,d_948,,,,,0,0,1
2013-09-03,11236,Tuesday,2,9,2013,d_949,,,,,0,1,0
2013-09-04,11236,Wednesday,3,9,2013,d_950,,,,,1,1,0
2013-09-05,11236,Thursday,4,9,2013,d_951,,,,,1,1,1
2013-09-06,11236,Friday,5,9,2013,d_952,,,,,1,1,0
2013-09-07,11237,Saturday,6,9,2013,d_953,,,,,0,1,1
2013-09-08,11237,Sunday,7,9,2013,d_954,,,,,0,0,1
2013-09-09,11237,Monday,1,9,2013,d_955,,,,,1,0,1
2013-09-10,11237,Tuesday,2,9,2013,d_956,,,,,1,0,1
2013-09-11,11237,Wednesday,3,9,2013,d_957,,,,,0,0,1
2013-09-12,11237,Thursday,4,9,2013,d_958,,,,,0,0,1
2013-09-13,11237,Friday,5,9,2013,d_959,,,,,1,1,1
2013-09-14,11238,Saturday,6,9,2013,d_960,,,,,0,0,1
2013-09-15,11238,Sunday,7,9,2013,d_961,,,,,0,1,1
2013-09-16,11238,Monday,1,9,2013,d_962,,,,,1,0,1
2013-09-17,11238,Tuesday,2,9,2013,d_963,,,,,1,1,1
2013-09-18,11238,Wednesday,3,9,2013,d_964,,,,,1,1,1
2013-09-19,11238,Thursday,4,9,2013,d_965,,,,,1,0,0
2013-09-20,11238,Friday,5,9,2013,d_966,,,,,0,0,1
2013-09-21,11239,Saturday,6,9,2013,d_967,,,,,1,0,1
2013-09-22,11239,Sunday,7,9,2013,d_968,,,,,1,1,0
2013-09-23,11239,Monday,1,9,2013,d_969,,,,,0,0,0
2013-09-24,11239,Tuesday,2,9,2013,d_970,,,,,0,0,0
2013-09-25,11239,Wednesday,3,9,2013,d_971,,,,,1,0,0
2013-09-26,11239,Thursday,4,9,2013,d_972,,,,,1,1,1
2013-09-27,11239,Friday,5,9,2013,d_973,,,,,1,1,1
2013-09-28,11240,Saturday,6,9,2013,d_974,,,,,0,0,1
2013-09-29,11240,Sunday,7,9,2013,d_975,,,,,0,1,1
2013-09-30,11240,Monday,1,9,2013,d_976,,,,,1,1,1
2013-10-01,11240,Tuesday,2,10,2013,d_977,,,,,1,1,1
2013-10-02,11240,Wednesday,3,10,2013,d_978,,,,,1,0,0
2013-10-03,11240,Thursday,4,10,2013,d_979,,,,,0,1,0
2013-10-04,11240,Friday,5,10,2013,d_980,,,,,1,1,0
2013-10-05,11241,Saturday,6,10,2013,d_981,,,,,1,0,1
2013-10-06,11241,Sunday,7,10,2013,d_982,,,,,0,0,0
2013-10-07,11241,Monday,1,10,2013,d_983,,,,,1,1,1
2013-10-08,11241,Tuesday,2,10,2013,d_984,,,,,1,1,0
2013-10-09,11241,Wednesday,3,10,2013,d_985,,,,,1,0,0
2013-10-10,11241,Thursday,4,10,2013,d_986,,,,,1,0,0
2013-10-11,11241,Friday,5,10,2013,d_987,,,,,0,0,0
2013-10-12,11242,Saturday,6,10,2013,d_988,,,,,1,1,1
2013-10-13,11242,Sunday,7,10,2013,d_989,,,,,1,1,1
2013-10-14,11242,Monday,1,10,2013,d_990,,,,,0,1,1
2013-10-15,11242,Tuesday,2,10,2013,d_991,,,,,1,1,0
2013-10-16,11242,Wednesday,3,10,2013,d_992,,,,,0,1,0
2013-10-17,11242,Thursday,4,10,2013,d_993,,,,,0,0,0
2013-10-18,11242,Friday,5,10,2013,d_994,,,,,0,0,1
2013-10-19,11243,Saturday,6,10,2013,d_995,,,,,0,0,1
2013-10-20,11243,Sunday,7,10,2013,d_996,,,,,0,0,0
2013-10-21,11243,Monday,1,10,2013,d_997,,,,,0,1,0
2013-10-22,11243,Tuesday,2,10,2013,d_998,,,,,1,1,0
2013-10-23,11243,Wednesday,3,10,2013,d_999,,,,,1,1,0
2013-10-24,11243,Thursday,4,10,2013,d_1000,,,,,1,1,0
2013-10-25,11243,Friday,5,10,2013,d_1001,,,,,1,1,1
2013-10-26,11244,Saturday,6,10,2013,d_1002,,,,,0,1,0
2013-10-27,11244,Sunday,7,10,2013,d_1003,,,,,1,0,1
2013-10-28,11244,Monday,1,10,2013,d_1004,,,,,1,1,0
2013-10-29,11244,Tuesday,2,10,2013,d_1005,,,,,0,0,1
2013-10-30,11244,Wednesday,3,10,2013,d_1006,,,,,0,1,0
2013-10-31,11244,Thursday,4,10,2013,d_1007,,,,,1,0,0
2013-11-01,11244,Friday,5,11,2013,d_1008,,,,,1,1,0
2013-11-02,11245,Saturday,6,11,2013,d_1009,,,,,0,0,1
2013-11-03,11245,Sunday,7,11,2013,d_1010,,,,,1,1,1
2013-11-04,11245,Monday,1,11,2013,d_1011,,,,,0,1,0
2013-11-05,11245,Tuesday,2,11,2013,d_1012,,,,,0,0,0
2013-11-06,11245,Wednesday,3,11,2013,d_1013,,,,,0,0,0
2013-11-07,11245,Thursday,4,11,2013,d_1014,,,,,1,0,1
2013-11-08,11245,Friday,5,11,2013,d_1015,,,,,0,0,1
2013-11-09,11246,Saturday,6,11,2013,d_1016,,,,,0,0,0
2013-11-10,11246,Sunday,7,11,2013,d_1017,,,,,1,1,1
2013-11-11,11246,Monday,1,11,2013,d_1018,,,,,1,0,0
2013-11-12,11246,Tuesday,2,11,2013,d_1019,,,,,0,1,1
2013-11-13,11246,Wednesday,3,11,2013,d_1020,,,,,0,1,0
2013-11-14,11246,Thursday,4,11,2013,d_1021,,,,,0,0,0
2013-11-15,11246,Friday,5,11,2013,d_1022,,,,,1,1,0
2013-11-16,11247,Saturday,6,11,2013,d_1023,,,,,0,1,1
2013-11-17,11247,Sunday,7,11,2013,d_1024,,,,,0,1,0
2013-11-18,11247,Monday,1,11,2013,d_1025,,,,,1,0,1
2013-11-19,11247,Tuesday,2,11,2013,d_1026,,,,,0,0,0
2013-11-20,11247,Wednesday,3,11,2013,d_1027,,,,,1,0,0
2013-11-21,11247,Thursday,4,11,2013,d_1028,,,,,0,0,1
2013-11-22,11247,Friday,5,11,2013,d_1029,,,,,1,1,1
2013-11-23,11248,Saturday,6,11,2013,d_1030,,,,,0,1,0
2013-11-24,11248,Sunday,7,11,2013,d_1031,,,,,0,1,1
2013-11-25,11248,Monday,1,11,2013,d_1032,,,,,0,1,1
2013-11-26,11248,Tuesday,2,11,2013,d_1033,,,,,1,0,0
2013-11-27,11248,Wednesday,3,11,2013,d_1034,,,,,0,1,1
2013-11-28,11248,Thursday,4,11,2013,d_1035,,,,,1,0,1
2013-11-29,11248,Friday,5,11,2013,d_1036,,,,,0,0,0
2013-11-30,11249,Saturday,6,11,2013,d_1037,,,,,0,0,1
2013-12-01,11249,Sunday,7,12,2013,d_1038,,,,,0,0,1
2013-12-02,11249,Monday,1,12,2013,d_1039,,,,,1,1,0
2013-12-03,11249,Tuesday,2,12,2013,d_1040,,,,,1,1,0
2013-12-04,11249,Wednesday,3,12,2013,d_1041,,,,,1,1,1
2013-12-05,11249,Thursday,4,12,2013,d_1042,,,,,0,0,1
2013-12-06,11249,Friday,5,12,2013,d_1043,,,,,0,1,1
2013-12-07,11250,Saturday,6,12,2013,d_1044,,,,,0,0,1
2013-12-08,11250,Sunday,7,12,2013,d_1045,,,,,0,0,1
2013-12-09,11250,Monday,1,12,2013,d_1046,,,,,0,0,1
2013-12-10,11250,Tuesday,2,12,2013,d_1047,,,,,0,1,0
2013-12-11,11250,Wednesday,3,12,2013,d_1048,,,,,0,1,0
2013-12-12,11250,Thursday,4,12,2013,d_1049,,,,,0,0,1
2013-12-13,11250,Friday,5,12,2013,d_1050,,,,,0,1,1
2013-12-14,11251,Saturday,6,12,2013,d_1051,,,,,0,1,0
2013-12-15,11251,Sunday,7,12,2013,d_1052,,,,,0,1,1
2013-12-16,11251,Monday,1,12,2013,d_1053,,,,,0,1,0
2013-12-17,11251,Tuesday,2,12,2013,d_1054,,,,,0,0,0
2013-12-18,11251,Wednesday,3,12,2013,d_1055,,,,,1,0,1
2013-12-19,11251,Thursday,4,12,2013,d_1056,,,,,0,0,0
2013-12-20,11251,Friday,5,12,2013,d_1057,,,,,1,1,0
2013-12-21,11252,Saturday,6,12,2013,d_1058,,,,,0,1,0
2013-12-22,11252,Sunday,7,12,2013,d_1059,,,,,0,0,0
2013-12-23,11252,Monday,1,12,2013,d_1060,,,,,1,1,0
2013-12-24,11252,Tuesday,2,12,2013,d_1061,,,,,1,1,1
2013-12-25,11252,Wednesday,3,12,2013,d_1062,,,,,0,1,0
2013-12-26,11252,Thursday,4,12,2013,d_1063,,,,,0,0,0
2013-12-27,11252,Friday,5,12,2013,d_1064,,,,,0,1,0
2013-12-28,11253,Saturday,6,12,2013,d_1065,,,,,1,1,0
2013-12-29,11253,Sunday,7,12,2013,d_1066,,,,,0,1,1
2013-12-30,11253,Monday,1,12,2013,d_1067,,,,,1,0,1
2013-12-31,11253,Tuesday,2,12,2013,d_1068,,,,,1,1,0
2014-01-01,11253,Wednesday,3,1,2014,d_1069,,,,,1,1,1
2014-01-02,11253,Thursday,4,1,2014,d_1070,,,,,0,0,1
2014-01-03,11253,Friday,5,1,2014,d_1071,,,,,0,1,1
2014-01-04,11254,Saturday,6,1,2014,d_1072,,,,,1,1,0
2014-01-05,11254,Sunday,7,1,2014,d_1073,,,,,1,0,1
2014-01-06,11254,Monday,1,1,2014,d_1074,,,,,1,1,1
2014-01-07,11254,Tuesday,2,1,2014,d_1075,,,,,0,0,0
2014-01-08,11254,Wednesday,3,1,2014,d_1076,,,,,1,1,0
2014-01-09,11254,Thursday,4,1,2014,d_1077,,,,,1,0,0
2014-01-10,11254,Friday,5,1,2014,d_1078,,,,,0,1,0
2014-01-11,11255,Saturday,6,1,2014,d_1079,,,,,0,1,1
2014-01-12,11255,Sunday,7,1,2014,d_1080,,,,,0,0,1
2014-01-13,11255,Monday,1,1,2014,d_1081,,,,,0,1,0
2014-01-14,11255,Tuesday,2,1,2014,d_1082,,,,,0,0,1
2014-01-15,11255,Wednesday,3,1,2014,d_1083,,,,,0,1,1
2014-01-16,11255,Thursday,4,1,2014,d_1084,,,,,0,0,1
2014-01-17,11255,Friday,5,1,2014,d_1085,,,,,1,1,1
2014-01-18,11256,Saturday,6,1,2014,d_1086,,,,,0,1,1
2014-01-19,11256,Sunday,7,1,2014,d_1087,,,,,1,0,1
2014-01-20,11256,Monday,1,1,2014,d_1088,,,,,1,1,0
2014-01-21,11256,Tuesday,2,1,2014,d_1089,,,,,0,0,1
2014-01-22,11256,Wednesday,3,1,2014,d_1090,,,,,1,1,1
2014-01-23,11256,Thursday,4,1,2014,d_1091,,,,,1,1,1
2014-01-24,11256,Friday,5,1,2014,d_1092,,,,,0,0,1
2014-01-25,11257,Saturday,6,1,2014,d_1093,,,,,1,1,0
2014-01-26,11257,Sunday,7,1,2014,d_1094,,,,,0,1,1
2014-01-27,11257,Monday,1,1,2014,d_1095,,,,,1,1,0
2014-01-28,11257,Tuesday,2,1,2014,d_1096,,,,,0,0,0
2014-01-29,11257,Wednesday,3,1,2014,d_1097,,,,,0,1,1
2014-01-30,11257,Thursday,4,1,2014,d_1098,,,,,0,1,0
2014-01-31,11257,Friday,5,1,2014,d_1099,,,,,0,1,1
2014-02-01,11258,Saturday,6,2,2014,d_1100,,,,,0,1,1
2014-02-02,11258,Sunday,7,2,2014,d_1101,,,,,1,0,0
2014-02-03,11258,Monday,1,2,2014,d_1102,,,,,0,1,1
2014-02-04,11258,Tuesday,2,2,2014,d_1103,,,,,1,0,0
2014-02-05,11258,Wednesday,3,2,2014,d_1104,,,,,0,0,1
2014-02-06,11258,Thursday,4,2,2014,d_1105,,,,,0,0,0
2014-02-07,11258,Friday,5,2,2014,d_1106,,,,,1,1,1
2014-02-08,11259,Saturday,6,2,2014,d_1107,,,,,1,1,0
2014-02-09,11259,Sunday,7,2,2014,d_1108,,,,,1,0,1
2014-02-10,11259,Monday,1,2,2014,d_1109,,,,,1,0,1
2014-02-11,11259,Tuesday,2,2,2014,d_1110,,,,,0,0,0
2014-02-12,11259,Wednesday,3,2,2014,d_1111,,,,,0,1,1
2014-02-13,11259,Thursday,4,2,2014,d_1112,,,,,1,1,0
2014-02-14,11259,Friday,5,2,2014,d_1113,,,,,0,1,1
2014-02-15,11260,Saturday,6,2,2014,d_1114,,,,,0,0,1
2014-02-16,11260,Sunday,7,2,2014,d_1115,,,,,1,1,1
2014-02-17,11260,Monday,1,2,2014,d_1116,,,,,0,0,0
2014-02-18,11260,Tuesday,2,2,2014,d_1117,,,,,1,0,0
2014-02-19,11260,Wednesday,3,2,2014,d_1118,,,,,0,0,1
2014-02-20,11260,Thursday,4,2,2014,d_1119,,,,,1,0,0
2014-02-21,11260,Friday,5,2,2014,d_1120,,,,,0,1,0
2014-02-22,11261,Saturday,6,2,2014,d_1121,,,,,0,1,0
2014-02-23,11261,Sunday,7,2,2014,d_1122,,,,,0,0,0
2014-02-24,11261,Monday,1,2,2014,d_1123,,,,,1,0,0
2014-02-25,11261,Tuesday,2,2,2014,d_1124,,,,,1,1,0
2014-02-26,11261,Wednesday,3,2,2014,d_1125,,,,,1,1,1
2014-02-27,11261,Thursday,4,2,2014,d_1126,,,,,1,0,1
2014-02-28,11261,Friday,5,2,2014,d_1127,,,,,0,1,0
2014-03-01,11262,Saturday,6,3,2014,d_1128,,,,,1,0,0
2014-03-02,11262,Sunday,7,3,2014,d_1129,,,,,1,0,0
2014-03-03,11262,Monday,1,3,2014,d_1130,,,,,1,1,1
2014-03-04,11262,Tuesday,2,3,2014,d_1131,,,,,1,1,0
2014-03-05,11262,Wednesday,3,3,2014,d_1132,,,,,1,1,1
2014-03-06,11262,Thursday,4,3,2014,d_1133,,,,,0,0,0
2014-03-07,11262,Friday,5,3,2014,d_1134,,,,,0,1,1
2014-03-08,11263,Saturday,6,3,2014,d_1135,,,,,0,0,0
2014-03-09,11263,Sunday,7,3,2014,d_1136,,,,,1,1,0
2014-03-10,11263,Monday,1,3,2014,d_1137,,,,,0,0,1
2014-03-11,11263,Tuesday,2,3,2014,d_1138,,,,,1,0,0
2014-03-12,11263,Wednesday,3,3,2014,d_1139,,,,,0,1,0
2014-03-13,11263,Thursday,4,3,2014,d_1140,,,,,1,0,0
2014-03-14,11263,Friday,5,3,2014,d_1141,,,,,0,1,0
2014-03-15,11264,Saturday,6,3,2014,d_1142,,,,,0,1,0
2014-03-16,11264,Sunday,7,3,2014,d_1143,,,,,1,0,0
2014-03-17,11264,Monday,1,3,2014,d_1144,,,,,0,1,0
2014-03-18,11264,Tuesday,2,3,2014,d_1145,,,,,0,0,1
2014-03-19,11264,Wednesday,3,3,2014,d_1146,,,,,0,0,1
2014-03-20,11264,Thursday,4,3,2014,d_1147,,,,,1,0,1
2014-03-21,11264,Friday,5,3,2014,d_1148,,,,,1,1,1
2014-03-22,11265,Saturday,6,3,2014,d_1149,,,,,1,0,1
2014-03-23,11265,Sunday,7,3,2014,d_1150,,,,,0,0,0
2014-03-24,11265,Monday,1,3,2014,d_1151,,,,,0,1,0
2014-03-25,11265,Tuesday,2,3,2014,d_1152,,,,,0,1,0
2014-03-26,11265,Wednesday,3,3,2014,d_1153,,,,,1,1,1
2014-03-27,11265,Thursday,4,3,2014,d_1154,,,,,0,0,1
2014-03-28,11265,Friday,5,3,2014,d_1155,,,,,0,0,1
2014-03-29,11266,Saturday,6,3,2014,d_1156,,,,,0,0,1
2014-03-30,11266,Sunday,7,3,2014,d_1157,,,,,1,1,0
2014-03-31,11266,Monday,1,3,2014,d_1158,,,,,1,1,0
2014-04-01,11266,Tuesday,2,4,2014,d_1159,,,,,0,1,1
2014-04-02,11266,Wednesday,3,4,2014,d_1160,,,,,0,1,0
2014-04-03,11266,Thursday,4,4,2014,d_1161,,,,,1,0,1
2014-04-04,11266,Friday,5,4,2014,d_1162,,,,,0,0,0
2014-04-05,11267,Saturday,6,4,2014,d_1163,,,,,0,1,0
2014-04-06,11267,Sunday,7,4,2014,d_1164,,,,,1,0,0
2014-04-07,11267,Monday,1,4,2014,d_1165,,,,,0,1,0
2014-04-08,11267,Tuesday,2,4,2014,d_1166,,,,,0,0,1
2014-04-09,11267,Wednesday,3,4,2014,d_1167,,,,,1,0,0
2014-04-10,11267,Thursday,4,4,2014,d_1168,,,,,1,0,1
2014-04-11,11267,Friday,5,4,2014,d_1169,,,,,1,0,1
2014-04-12,11268,Saturday,6,4,2014,d_1170,,,,,0,1,1
2014-04-13,11268,Sunday,7,4,2014,d_1171,,,,,0,1,0
2014-04-14,11268,Monday,1,4,2014,d_1172,,,,,0,1,1
2014-04-15,11268,Tuesday,2,4,2014,d_1173,,,,,0,0,0
2014-04-16,11268,Wednesday,3,4,2014,d_1174,,,,,1,1,0
2014-04-17,11268,Thursday,4,4,2014,d_1175,,,,,1,1,1
2014-04-18,11268,Friday,5,4,2014,d_1176,,,,,0,0,1
2014-04-19,11269,Saturday,6,4,2014,d_1177,,,,,1,1,0
2014-04-20,11269,Sunday,7,4,2014,d_1178,,,,,1,1,0
2014-04-21,11269,Monday,1,4,2014,d_1179,,,,,0,1,1
2014-04-22,11269,Tuesday,2,4,2014,d_1180,,,,,0,1,1
2014-04-23,11269,Wednesday,3,4,2014,d_1181,,,,,0,1,0
2014-04-24,11269,Thursday,4,4,2014,d_1182,,,,,0,0,1
2014-04-25,11269,Friday,5,4,2014,d_1183,,,,,0,0,0
2014-04-26,11270,Saturday,6,4,2014,d_1184,,,,,0,1,0
2014-04-27,11270,Sunday,7,4,2014,d_1185,,,,,0,0,1
2014-04-28,11270,Monday,1,4,2014,d_1186,,,,,1,1,1
2014-04-29,11270,Tuesday,2,4,2014,d_1187,,,,,1,0,0
2014-04-30,11270,Wednesday,3,4,2014,d_1188,,,,,1,1,0
2014-05-01,11270,Thursday,4,5,2014,d_1189,,,,,1,1,0
2014-05-02,11270,Friday,5,5,2014,d_1190,,,,,1,0,1
2014-05-03,11271,Saturday,6,5,2014,d_1191,,,,,1,1,1
2014-05-04,11271,Sunday,7,5,2014,d_1192,,,,,1,0,1
2014-05-05,11271,Monday,1,5,2014,d_1193,,,,,1,0,0
2014-05-06,11271,Tuesday,2,5,2014,d_1194,,,,,0,0,1
2014-05-07,11271,Wednesday,3,5,2014,d_1195,,,,,1,0,1
2014-05-08,11271,Thursday,4,5,2014,d_1196,,,,,0,1,0
2014-05-09,11271,Friday,5,5,2014,d_1197,,,,,0,0,1
2014-05-10,11272,Saturday,6,5,2014,d_1198,,,,,1,1,1
2014-05-11,11272,Sunday,7,5,2014,d_1199,,,,,0,1,1
2014-05-12,11272,Monday,1,5,2014,d_1200,,,,,1,1,0
2014-05-13,11272,Tuesday,2,5,2014,d_1201,,,,,0,0,0
2014-05-14,11272,Wednesday,3,5,2014,d_1202,,,,,0,1,0
2014-05-15,11272,Thursday,4,5,2014,d_1203,,,,,0,1,1
2014-05-16,11272,Friday,5,5,2014,d_1204,,,,,0,1,1
2014-05-17,11273,Saturday,6,5,2014,d_1205,,,,,1,0,1
2014-05-18,11273,Sunday,7,5,2014,d_1206,,,,,0,0,1
2014-05-19,11273,Monday,1,5,2014,d_1207,,,,,1,1,1
2014-05-20,11273,Tuesday,2,5,2014,d_1208,,,,,0,0,1
2014-05-21,11273,Wednesday,3,5,2014,d_1209,,,,,0,1,1
2014-05-22,11273,Thursday,4,5,2014,d_1210,,,,,1,0,0
2014-05-23,11273,Friday,5,5,2014,d_1211,,,,,1,0,0
2014-05-24,11274,Saturday,6,5,2014,d_1212,,,,,0,0,1
2014-05-25,11274,Sunday,7,5,2014,d_1213,,,,,1,0,0
2014-05-26,11274,Monday,1,5,2014,d_1214,,,,,1,0,1
2014-05-27,11274,Tuesday,2,5,2014,d_1215,,,,,1,0,0
2014-05-28,11274,Wednesday,3,5,2014,d_1216,,,,,1,1,1
2014-05-29,11274,Thursday,4,5,2014,d_1217,,,,,1,0,1
2014-05-30,11274,Friday,5,5,2014,d_1218,,,,,1,0,0
2014-05-31,11275,Saturday,6,5,2014,d_1219,,,,,1,1,0
2014-06-01,11275,Sunday,7,6,2014,d_1220,,,,,0,0,1
2014-06-02,11275,Monday,1,6,2014,d_1221,,,,,1,0,1
2014-06-03,11275,Tuesday,2,6,2014,d_1222,,,,,0,1,1
2014-06-04,11275,Wednesday,3,6,2014,d_1223,,,,,1,1,1
2014-06-05,11275,Thursday,4,6,2014,d_1224,,,,,0,1,1
2014-06-06,11275,Friday,5,6,2014,d_1225,,,,,0,1,0
2014-06-07,11276,Saturday,6,6,2014,d_1226,,,,,1,1,1
2014-06-08,11276,Sunday,7,6,2014,d_1227,,,,,1,1,0
2014-06-09,11276,Monday,1,6,2014,d_1228,,,,,0,0,1
2014-06-10,11276,Tuesday,2,6,2014,d_1229,,,,,1,1,0
2014-06-11,11276,Wednesday,3,6,2014,d_1230,,,,,1,0,0
2014-06-12,11276,Thursday,4,6,2014,d_1231,,,,,1,1,0
2014-06-13,11276,Friday,5,6,2014,d_1232,,,,,1,1,0
2014-06-14,11277,Saturday,6,6,2014,d_1233,,,,,1,1,0
2014-06-15,11277,Sunday,7,6,2014,d_1234,,,,,1,0,0
2014-06-16,11277,Monday,1,6,2014,d_1235,,,,,0,1,0
2014-06-17,11277,Tuesday,2,6,2014,d_1236,,,,,1,0,1
2014-06-18,11277,Wednesday,3,6,2014,d_1237,,,,,0,1,0
2014-06-19,11277,Thursday,4,6,2014,d_1238,,,,,0,1,0
2014-06-20,11277,Friday,5,6,2014,d_1239,,,,,0,0,1
2014-06-21,11278,Saturday,6,6,2014,d_1240,,,,,0,1,0
2014-06-22,11278,Sunday,7,6,2014,d_1241,,,,,1,1,1
2014-06-23,11278,Monday,1,6,2014,d_1242,,,,,1,0,1
2014-06-24,11278,Tuesday,2,6,2014,d_1243,,,,,1,1,0
2014-06-25,11278,Wednesday,3,6,2014,d_1244,,,,,1,0,1
2014-06-26,11278,Thursday,4,6,2014,d_1245,,,,,0,0,1
2014-06-27,11278,Friday,5,6,2014,d_1246,,,,,1,1,1
2014-06-28,11279,Saturday,6,6,2014,d_1247,,,,,0,1,1
2014-06-29,11279,Sunday,7,6,2014,d_1248,,,,,0,1,0
2014-06-30,11279,Monday,1,6,2014,d_1249,,,,,1,0,0
2014-07-01,11279,Tuesday,2,7,2014,d_1250,,,,,0,1,0
2014-07-02,11279,Wednesday,3,7,2014,d_1251,,,,,0,1,0
2014-07-03,11279,Thursday,4,7,2014,d_1252,,,,,1,0,0
2014-07-04,11279,Friday,5,7,2014,d_1253,,,,,0,0,1
2014-07-05,11280,Saturday,6,7,2014,d_1254,,,,,0,0,0
2014-07-06,11280,Sunday,7,7,2014,d_1255,,,,,0,0,1
2014-07-07,11280,Monday,1,7,2014,d_1256,,,,,1,1,1
2014-07-08,11280,Tuesday,2,7,2014,d_1257,,,,,0,1,0
2014-07-09,11280,Wednesday,3,7,2014,d_1258,,,,,1,0,1
2014-07-10,11280,Thursday,4,7,2014,d_1259,,,,,1,1,1
2014-07-11,11280,Friday,5,7,2014,d_1260,,,,,0,0,1
2014-07-12,11281,Saturday,6,7,2014,d_1261,,,,,0,1,0
2014-07-13,11281,Sunday,7,7,2014,d_1262,,,,,1,0,0
2014-07-14,11281,Monday,1,7,2014,d_1263,,,,,0,0,1
2014-07-15,11281,Tuesday,2,7,2014,d_1264,,,,,0,0,1
2014-07-16,11281,Wednesday,3,7,2014,d_1265,,,,,0,1,0
2014-07-17,11281,Thursday,4,7,2014,d_1266,,,,,1,0,0
2014-07-18,11281,Friday,5,7,2014,d_1267,,,,,0,1,1
2014-07-19,11282,Saturday,6,7,2014,d_1268,,,,,0,0,0
2014-07-20,11282,Sunday,7,7,2014,d_1269,,,,,0,1,1
2014-07-21,11282,Monday,1,7,2014,d_1270,,,,,0,1,0
2014-07-22,11282,Tuesday,2,7,2014,d_1271,,,,,0,1,0
2014-07-23,11282,Wednesday,3,7,2014,d_1272,,,,,0,1,0
2014-07-24,11282,Thursday,4,7,2014,d_1273,,,,,1,1,1
2014-07-25,11282,Friday,5,7,2014,d_1274,,,,,0,1,0
2014-07-26,11283,Saturday,6,7,2014,d_1275,,,,,0,0,0
2014-07-27,11283,Sunday,7,7,2014,d_1276,,,,,0,1,0
2014-07-28,11283,Monday,1,7,2014,d_1277,,,,,0,1,1
2014-07-29,11283,Tuesday,2,7,2014,d_1278,,,,,1,0,1
2014-07-30,11283,Wednesday,3,7,2014,d_1279,,,,,1,1,0
2014-07-31,11283,Thursday,4,7,2014,d_1280,,,,,1,0,0
2014-08-01,11283,Friday,5,8,2014,d_1281,,,,,1,1,0
2014-08-02,11284,Saturday,6,8,2014,d_1282,,,,,0,0,1
2014-08-03,11284,Sunday,7,8,2014,d_1283,,,,,0,1,0
2014-08-04,11284,Monday,1,8,2014,d_1284,,,,,1,0,0
2014-08-05,11284,Tuesday,2,8,2014,d_1285,,,,,0,1,1
2014-08-06,11284,Wednesday,3,8,2014,d_1286,,,,,1,0,1
2014-08-07,11284,Thursday,4,8,2014,d_1287,,,,,1,0,1
2014-08-08,11284,Friday,5,8,2014,d_1288,,,,,0,0,1
2014-08-09,11285,Saturday,6,8,2014,d_1289,,,,,0,0,0
2014-08-10,11285,Sunday,7,8,2014,d_1290,,,,,0,0,1
2014-08-11,11285,Monday,1,8,2014,d_1291,,,,,0,1,0
2014-08-12,11285,Tuesday,2,8,2014,d_1292,,,,,0,1,0
2014-08-13,11285,Wednesday,3,8,2014,d_1293,,,,,0,1,1
2014-08-14,11285,Thursday,4,8,2014,d_1294,,,,,1,1,1
2014-08-15,11285,Friday,5,8,2014,d_1295,,,,,0,1,0
2014-08-16,11286,Saturday,6,8,2014,d_1296,,,,,0,0,1
2014-08-17,11286,Sunday,7,8,2014,d_1297,,,,,0,1,1
2014-08-18,11286,Monday,1,8,2014,d_1298,,,,,1,0,1
2014-08-19,11286,Tuesday,2,8,2014,d_1299,,,,,1,1,1
2014-08-20,11286,Wednesday,3,8,2014,d_1300,,,,,0,1,1
2014-08-21,11286,Thursday,4,8,2014,d_1301,,,,,1,1,0
2014-08-22,11286,Friday,5,8,2014,d_1302,,,,,1,0,0
2014-08-23,11287,Saturday,6,8,2014,d_1303,,,,,1,0,1
2014-08-24,11287,Sunday,7,8,2014,d_1304,,,,,0,0,1
2014-08-25,11287,Monday,1,8,2014,d_1305,,,,,0,1,0
2014-08-26,11287,Tuesday,2,8,2014,d_1306,,,,,0,1,0
2014-08-27,11287,Wednesday,3,8,2014,d_1307,,,,,0,1,0
2014-08-28,11287,Thursday,4,8,2014,d_1308,,,,,1,0,1
2014-08-29,11287,Friday,5,8,2014,d_1309,,,,,0,0,0
2014-08-30,11288,Saturday,6,8,2014,d_1310,,,,,0,1,0
2014-08-31,11288,Sunday,7,8,2014,d_1311,,,,,1,1,1
2014-09-01,11288,Monday,1,9,2014,d_1312,,,,,0,0,1
2014-09-02,11288,Tuesday,2,9,2014,d_1313,,,,,1,0,0
2014-09-03,11288,Wednesday,3,9,2014,d_1314,,,,,1,1,1
2014-09-04,11288,Thursday,4,9,2014,d_1315,,,,,0,1,1
2014-09-05,11288,Friday,5,9,2014,d_1316,,,,,0,1,1
2014-09-06,11289,Saturday,6,9,2014,d_1317,,,,,0,1,1
2014-09-07,11289,Sunday,7,9,2014,d_1318,,,,,1,1,1
2014-09-08,11289,Monday,1,9,2014,d_1319,,,,,1,1,0
2014-09-09,11289,Tuesday,2,9,2014,d_1320,,,,,0,1,1
2014-09-10,11289,Wednesday,3,9,2014,d_1321,,,,,0,0,1
2014-09-11,11289,Thursday,4,9,2014,d_1322,,,,,0,1,0
2014-09-12,11289,Friday,5,9,2014,d_1323,,,,,0,1,0
2014-09-13,11290,Saturday,6,9,2014,d_1324,,,,,0,0,1
2014-09-14,11290,Sunday,7,9,2014,d_1325,,,,,0,0,0
2014-09-15,11290,Monday,1,9,2014,d_1326,,,,,1,1,1
2014-09-16,11290,Tuesday,2,9,2014,d_1327,,,,,0,1,0
2014-09-17,11290,Wednesday,3,9,2014,d_1328,,,,,0,0,1
2014-09-18,11290,Thursday,4,9,2014,d_1329,,,,,0,0,0
2014-09-19,11290,Friday,5,9,2014,d_1330,,,,,0,1,0
2014-09-20,11291,Saturday,6,9,2014,d_1331,,,,,1,0,1
2014-09-21,11291,Sunday,7,9,2014,d_1332,,,,,0,1,0
2014-09-22,11291,Monday,1,9,2014,d_1333,,,,,1,0,1
2014-09-23,11291,Tuesday,2,9,2014,d_1334,,,,,0,1,0
2014-09-24,11291,Wednesday,3,9,2014,d_1335,,,,,1,0,0
2014-09-25,11291,Thursday,4,9,2014,d_1336,,,,,1,0,0
2014-09-26,11291,Friday,5,9,2014,d_1337,,,,,0,1,0
2014-09-27,11292,Saturday,6,9,2014,d_1338,,,,,0,1,0
2014-09-28,11292,Sunday,7,9,2014,d_1339,,,,,1,1,1
2014-09-29,11292,Monday,1,9,2014,d_1340,,,,,1,1,1
2014-09-30,11292,Tuesday,2,9,2014,d_1341,,,,,1,1,1
2014-10-01,11292,Wednesday,3,10,2014,d_1342,,,,,0,0,1
2014-10-02,11292,Thursday,4,10,2014,d_1343,,,,,1,1,0
2014-10-03,11292,Friday,5,10,2014,d_1344,,,,,1,1,0
2014-10-04,11293,Saturday,6,10,2014,d_1345,,,,,0,1,0
2014-10-05,11293,Sunday,7,10,2014,d_1346,,,,,0,1,1
2014-10-06,11293,Monday,1,10,2014,d_1347,,,,,0,1,0
2014-10-07,11293,Tuesday,2,10,2014,d_1348,,,,,0,0,1
2014-10-08,11293,Wednesday,3,10,2014,d_1349,,,,,0,0,1
2014-10-09,11293,Thursday,4,10,2014,d_1350,,,,,0,0,0
2014-10-10,11293,Friday,5,10,2014,d_1351,,,,,0,0,0
2014-10-11,11294,Saturday,6,10,2014,d_1352,,,,,0,0,0
2014-10-12,11294,Sunday,7,10,2014,d_1353,,,,,0,1,0
2014-10-13,11294,Monday,1,10,2014,d_1354,,,,,1,0,1
2014-10-14,11294,Tuesday,2,10,2014,d_1355,,,,,1,1,0
2014-10-15,11294,Wednesday,3,10,2014,d_1356,,,,,1,1,1
2014-10-16,11294,Thursday,4,10,2014,d_1357,,,,,0,1,1
2014-10-17,11294,Friday,5,10,2014,d_1358,,,,,0,0,1
2014-10-18,11295,Saturday,6,10,2014,d_1359,,,,,1,1,1
2014-10-19,11295,Sunday,7,10,2014,d_1360,,,,,0,1,1
2014-10-20,11295,Monday,1,10,2014,d_1361,,,,,1,0,1
2014-10-21,11295,Tuesday,2,10,2014,d_1362,,,,,0,0,0
2014-10-22,11295,Wednesday,3,10,2014,d_1363,,,,,0,1,1
2014-10-23,11295,Thursday,4,10,2014,d_1364,,,,,0,1,1
2014-10-24,11295,Friday,5,10,2014,d_1365,,,,,0,1,0
2014-10-25,11296,Saturday,6,10,2014,d_1366,,,,,1,0,0
2014-10-26,11296,Sunday,7,10,2014,d_1367,,,,,0,0,0
2014-10-27,11296,Monday,1,10,2014,d_1368,,,,,0,0,0
2014-10-28,11296,Tuesday,2,10,2014,d_1369,,,,,0,1,0
2014-10-29,11296,Wednesday,3,10,2014,d_1370,,,,,1,0,1
2014-10-30,11296,Thursday,4,10,2014,d_1371,,,,,0,0,0
2014-10-31,11296,Friday,5,10,2014,d_1372,,,,,0,1,0
2014-11-01,11297,Saturday,6,11,2014,d_1373,,,,,0,1,1
2014-11-02,11297,Sunday,7,11,2014,d_1374,,,,,0,0,0
2014-11-03,11297,Monday,1,11,2014,d_1375,,,,,0,0,1
2014-11-04,11297,Tuesday,2,11,2014,d_1376,,,,,0,1,0
2014-11-05,11297,Wednesday,3,11,2014,d_1377,,,,,0,0,0
2014-11-06,11297,Thursday,4,11,2014,d_1378,,,,,0,1,0
2014-11-07,11297,Friday,5,11,2014,d_1379,,,,,1,1,1
2014-11-08,11298,Saturday,6,11,2014,d_1380,,,,,1,0,1
2014-11-09,11298,Sunday,7,11,2014,d_1381,,,,,1,0,1
2014-11-10,11298,Monday,1,11,2014,d_1382,,,,,1,1,1
2014-11-11,11298,Tuesday,2,11,2014,d_1383,,,,,0,0,0
2014-11-12,11298,Wednesday,3,11,2014,d_1384,,,,,0,1,0
2014-11-13,11298,Thursday,4,11,2014,d_1385,,,,,1,0,1
2014-11-14,11298,Friday,5,11,2014,d_1386,,,,,1,1,1
2014-11-15,11299,Saturday,6,11,2014,d_1387,,,,,1,0,1
2014-11-16,11299,Sunday,7,11,2014,d_1388,,,,,0,1,0
2014-11-17,11299,Monday,1,11,2014,d_1389,,,,,1,1,0
2014-11-18,11299,Tuesday,2,11,2014,d_1390,,,,,0,1,1
2014-11-19,11299,Wednesday,3,11,2014,d_1391,,,,,1,1,1
2014-11-20,11299,Thursday,4,11,2014,d_1392,,,,,1,0,0
2014-11-21,11299,Friday,5,11,2014,d_1393,,,,,1,0,1
2014-11-22,11300,Saturday,6,11,2014,d_1394,,,,,0,1,1
2014-11-23,11300,Sunday,7,11,2014,d_1395,,,,,0,0,0
2014-11-24,11300,Monday,1,11,2014,d_1396,,,,,1,1,1
2014-11-25,11300,Tuesday,2,11,2014,d_1397,,,,,1,1,0
2014-11-26,11300,Wednesday,3,11,2014,d_1398,,,,,0,1,1
2014-11-27,11300,Thursday,4,11,2014,d_1399,,,,,1,1,1
2014-11-28,11300,Friday,5,11,2014,d_1400,,,,,1,1,0
2014-11-29,11301,Saturday,6,11,2014,d_1401,,,,,1,1,0
2014-11-30,11301,Sunday,7,11,2014,d_1402,,,,,1,0,1
2014-12-01,11301,Monday,1,12,2014,d_1403,,,,,1,0,0
2014-12-02,11301,Tuesday,2,12,2014,d_1404,,,,,1,1,0
2014-12-03,11301,Wednesday,3,12,2014,d_1405,,,,,0,1,0
2014-12-04,11301,Thursday,4,12,2014,d_1406,,,,,1,1,1
2014-12-05,11301,Friday,5,12,2014,d_1407,,,,,1,0,0
2014-12-06,11302,Saturday,6,12,2014,d_1408,,,,,0,0,1
2014-12-07,11302,Sunday,7,12,2014,d_1409,,,,,1,0,0
2014-12-08,11302,Monday,1,12,2014,d_1410,,,,,0,0,0
2014-12-09,11302,Tuesday,2,12,2014,d_1411,,,,,0,0,1
2014-12-10,11302,Wednesday,3,12,2014,d_1412,,,,,1,1,0
2014-12-11,11302,Thursday,4,12,2014,d_1413,,,,,0,1,1
2014-12-12,11302,Friday,5,12,2014,d_1414,,,,,1,1,1
2014-12-13,11303,Saturday,6,12,2014,d_1415,,,,,1,0,1
2014-12-14,11303,Sunday,7,12,2014,d_1416,,,,,0,0,1
2014-12-15,11303,Monday,1,12,2014,d_1417,,,,,1,1,1
2014-12-16,11303,Tuesday,2,12,2014,d_1418,,,,,1,1,1
2014-12-17,11303,Wednesday,3,12,2014,d_1419,,,,,1,1,1
2014-12-18,11303,Thursday,4,12,2014,d_1420,,,,,0,1,0
2014-12-19,11303,Friday,5,12,2014,d_1421,,,,,1,0,1
2014-12-20,11304,Saturday,6,12,2014,d_1422,,,,,1,1,0
2014-12-21,11304,Sunday,7,12,2014,d_1423,,,,,1,0,1
2014-12-22,11304,Monday,1,12,2014,d_1424,,,,,0,1,0
2014-12-23,11304,Tuesday,2,12,2014,d_1425,,,,,0,1,0
2014-12-24,11304,Wednesday,3,12,2014,d_1426,,,,,0,1,0
2014-12-25,11304,Thursday,4,12,2014,d_1427,,,,,1,0,0
2014-12-26,11304,Friday,5,12,2014,d_1428,,,,,0,0,0
2014-12-27,11305,Saturday,6,12,2014,d_1429,,,,,1,1,0
2014-12-28,11305,Sunday,7,12,2014,d_1430,,,,,0,0,1
2014-12-29,11305,Monday,1,12,2014,d_1431,,,,,0,1,0
2014-12-30,11305,Tuesday,2,12,2014,d_1432,,,,,1,0,1
2014-12-31,11305,Wednesday,3,12,2014,d_1433,,,,,0,1,0
2015-01-01,11305,Thursday,4,1,2015,d_1434,,,,,0,0,0
2015-01-02,11305,Friday,5,1,2015,d_1435,,,,,0,1,1
2015-01-03,11306,Saturday,6,1,2015,d_1436,,,,,1,0,1
2015-01-04,11306,Sunday,7,1,2015,d_1437,,,,,0,0,1
2015-01-05,11306,Monday,1,1,2015,d_1438,,,,,1,0,0
2015-01-06,11306,Tuesday,2,1,2015,d_1439,,,,,1,0,0
2015-01-07,11306,Wednesday,3,1,2015,d_1440,,,,,0,1,1
2015-01-08,11306,Thursday,4,1,2015,d_1441,,,,,0,0,0
2015-01-09,11306,Friday,5,1,2015,d_1442,,,,,1,1,0
2015-01-10,11307,Saturday,6,1,2015,d_1443,,,,,0,0,1
2015-01-11,11307,Sunday,7,1,2015,d_1444,,,,,1,0,1
2015-01-12,11307,Monday,1,1,2015,d_1445,,,,,0,0,1
2015-01-13,11307,Tuesday,2,1,2015,d_1446,,,,,1,0,1
2015-01-14,11307,Wednesday,3,1,2015,d_1447,,,,,0,0,0
2015-01-15,11307,Thursday,4,1,2015,d_1448,,,,,0,0,0
2015-01-16,11307,Friday,5,1,2015,d_1449,,,,,0,1,0
2015-01-17,11308,Saturday,6,1,2015,d_1450,,,,,1,1,1
2015-01-18,11308,Sunday,7,1,2015,d_1451,,,,,0,1,0
2015-01-19,11308,Monday,1,1,2015,d_1452,,,,,0,0,0
2015-01-20,11308,Tuesday,2,1,2015,d_1453,,,,,0,0,1
2015-01-21,11308,Wednesday,3,1,2015,d_1454,,,,,1,0,0
2015-01-22,11308,Thursday,4,1,2015,d_1455,,,,,0,1,1
2015-01-23,11308,Friday,5,1,2015,d_1456,,,,,0,1,0
2015-01-24,11309,Saturday,6,1,2015,d_1457,,,,,1,0,0
2015-01-25,11309,Sunday,7,1,2015,d_1458,,,,,0,1,1
2015-01-26,11309,Monday,1,1,2015,d_1459,,,,,1,0,1
2015-01-27,11309,Tuesday,2,1,2015,d_1460,,,,,0,1,1
2015-01-28,11309,Wednesday,3,1,2015,d_1461,,,,,0,0,0
2015-01-29,11309,Thursday,4,1,2015,d_1462,,,,,0,0,0
2015-01-30,11309,Friday,5,1,2015,d_1463,,,,,0,0,0
2015-01-31,11310,Saturday,6,1,2015,d_1464,,,,,1,1,0
2015-02-01,11310,Sunday,7,2,2015,d_1465,,,,,1,0,1
2015-02-02,11310,Monday,1,2,2015,d_1466,,,,,1,1,1
2015-02-03,11310,Tuesday,2,2,2015,d_1467,,,,,1,1,1
2015-02-04,11310,Wednesday,3,2,2015,d_1468,,,,,1,0,0
2015-02-05,11310,Thursday,4,2,2015,d_1469,,,,,0,0,1
2015-02-06,11310,Friday,5,2,2015,d_1470,,,,,1,0,1
2015-02-07,11311,Saturday,6,2,2015,d_1471,,,,,1,1,1
2015-02-08,11311,Sunday,7,2,2015,d_1472,,,,,1,0,1
2015-02-09,11311,Monday,1,2,2015,d_1473,,,,,0,0,1
2015-02-10,11311,Tuesday,2,2,2015,d_1474,,,,,1,1,1
2015-02-11,11311,Wednesday,3,2,2015,d_1475,,,,,1,0,1
2015-02-12,11311,Thursday,4,2,2015,d_1476,,,,,0,0,0
2015-02-13,11311,Friday,5,2,2015,d_1477,,,,,1,0,0
2015-02-14,11312,Saturday,6,2,2015,d_1478,,,,,1,1,1
2015-02-15,11312,Sunday,7,2,2015,d_1479,,,,,0,1,1
2015-02-16,11312,Monday,1,2,2015,d_1480,,,,,1,1,0
2015-02-17,11312,Tuesday,2,2,2015,d_1481,,,,,0,0,0
2015-02-18,11312,Wednesday,3,2,2015,d_1482,,,,,0,1,1
2015-02-19,11312,Thursday,4,2,2015,d_1483,,,,,1,1,1
2015-02-20,11312,Friday,5,2,2015,d_1484,,,,,1,1,1
2015-02-21,11313,Saturday,6,2,2015,d_1485,,,,,1,1,1
2015-02-22,11313,Sunday,7,2,2015,d_1486,,,,,1,1,1
2015-02-23,11313,Monday,1,2,2015,d_1487,,,,,0,0,1
2015-02-24,11313,Tuesday,2,2,2015,d_1488,,,,,1,1,0
2015-02-25,11313,Wednesday,3,2,2015,d_1489,,,,,0,0,0
2015-02-26,11313,Thursday,4,2,2015,d_1490,,,,,1,1,0
2015-02-27,11313,Friday,5,2,2015,d_1491,,,,,1,0,1
2015-02-28,11314,Saturday,6,2,2015,d_1492,,,,,1,1,0
2015-03-01,11314,Sunday,7,3,2015,d_1493,,,,,0,0,1
2015-03-02,11314,Monday,1,3,2015,d_1494,,,,,1,1,0
2015-03-03,11314,Tuesday,2,3,2015,d_1495,,,,,1,0,1
2015-03-04,11314,Wednesday,3,3,2015,d_1496,,,,,1,0,0
2015-03-05,11314,Thursday,4,3,2015,d_1497,,,,,0,1,0
2015-03-06,11314,Friday,5,3,2015,d_1498,,,,,0,0,1
2015-03-07,11315,Saturday,6,3,2015,d_1499,,,,,1,1,0
2015-03-08,11315,Sunday,7,3,2015,d_1500,,,,,0,0,1
2015-03-09,11315,Monday,1,3,2015,d_1501,,,,,1,0,0
2015-03-10,11315,Tuesday,2,3,2015,d_1502,,,,,1,0,1
2015-03-11,11315,Wednesday,3,3,2015,d_1503,,,,,0,1,1
2015-03-12,11315,Thursday,4,3,2015,d_1504,,,,,1,0,1
2015-03-13,11315,Friday,5,3,2015,d_1505,,,,,0,1,1
2015-03-14,11316,Saturday,6,3,2015,d_1506,,,,,1,0,1
2015-03-15,11316,Sunday,7,3,2015,d_1507,,,,,1,1,1
2015-03-16,11316,Monday,1,3,2015,d_1508,,,,,0,1,0
2015-03-17,11316,Tuesday,2,3,2015,d_1509,,,,,1,1,1
2015-03-18,11316,Wednesday,3,3,2015,d_1510,,,,,1,1,1
2015-03-19,11316,Thursday,4,3,2015,d_1511,,,,,0,1,1
2015-03-20,11316,Friday,5,3,2015,d_1512,,,,,0,1,1
2015-03-21,11317,Saturday,6,3,2015,d_1513,,,,,0,1,1
2015-03-22,11317,Sunday,7,3,2015,d_1514,,,,,1,1,0
2015-03-23,11317,Monday,1,3,2015,d_1515,,,,,0,1,0
2015-03-24,11317,Tuesday,2,3,2015,d_1516,,,,,0,0,0
2015-03-25,11317,Wednesday,3,3,2015,d_1517,,,,,1,1,0
2015-03-26,11317,Thursday,4,3,2015,d_1518,,,,,0,1,1
2015-03-27,11317,Friday,5,3,2015,d_1519,,,,,1,1,1
2015-03-28,11318,Saturday,6,3,2015,d_1520,,,,,0,0,0
2015-03-29,11318,Sunday,7,3,2015,d_1521,,,,,0,1,1
2015-03-30,11318,Monday,1,3,2015,d_1522,,,,,0,0,0
2015-03-31,11318,Tuesday,2,3,2015,d_1523,,,,,0,1,1
2015-04-01,11318,Wednesday,3,4,2015,d_1524,,,,,1,1,0
2015-04-02,11318,Thursday,4,4,2015,d_1525,,,,,0,0,1
2015-04-03,11318,Friday,5,4,2015,d_1526,,,,,0,1,0
2015-04-04,11319,Saturday,6,4,2015,d_1527,,,,,1,0,1
2015-04-05,11319,Sunday,7,4,2015,d_1528,,,,,1,1,1
2015-04-06,11319,Monday,1,4,2015,d_1529,,,,,0,1,0
2015-04-07,11319,Tuesday,2,4,2015,d_1530,,,,,0,0,0
2015-04-08,11319,Wednesday,3,4,2015,d_1531,,,,,0,0,0
2015-04-09,11319,Thursday,4,4,2015,d_1532,,,,,1,1,0
2015-04-10,11319,Friday,5,4,2015,d_1533,,,,,0,1,1
2015-04-11,11320,Saturday,6,4,2015,d_1534,,,,,1,0,0
2015-04-12,11320,Sunday,7,4,2015,d_1535,,,,,1,1,0
2015-04-13,11320,Monday,1,4,2015,d_1536,,,,,0,0,0
2015-04-14,11320,Tuesday,2,4,2015,d_1537,,,,,1,0,0
2015-04-15,11320,Wednesday,3,4,2015,d_1538,,,,,1,0,0
2015-04-16,11320,Thursday,4,4,2015,d_1539,,,,,0,0,0
2015-04-17,11320,Friday,5,4,2015,d_1540,,,,,1,0,1
2015-04-18,11321,Saturday,6,4,2015,d_1541,,,,,0,1,0
2015-04-19,11321,Sunday,7,4,2015,d_1542,,,,,0,1,0
2015-04-20,11321,Monday,1,4,2015,d_1543,,,,,0,0,0
2015-04-21,11321,Tuesday,2,4,2015,d_1544,,,,,0,1,0
2015-04-22,11321,Wednesday,3,4,2015,d_1545,,,,,0,1,0
2015-04-23,11321,Thursday,4,4,2015,d_1546,,,,,1,0,0
2015-04-24,11321,Friday,5,4,2015,d_1547,,,,,1,1,0
2015-04-25,11322,Saturday,6,4,2015,d_1548,,,,,1,0,1
2015-04-26,11322,Sunday,7,4,2015,d_1549,,,,,1,1,1
2015-04-27,11322,Monday,1,4,2015,d_1550,,,,,1,1,0
2015-04-28,11322,Tuesday,2,4,2015,d_1551,,,,,0,1,1
2015-04-29,11322,Wednesday,3,4,2015,d_1552,,,,,0,0,0
2015-04-30,11322,Thursday,4,4,2015,d_1553,,,,,1,1,1
2015-05-01,11322,Friday,5,5,2015,d_1554,,,,,0,0,1
2015-05-02,11323,Saturday,6,5,2015,d_1555,,,,,0,1,0
2015-05-03,11323,Sunday,7,5,2015,d_1556,,,,,1,0,0
2015-05-04,11323,Monday,1,5,2015,d_1557,,,,,0,1,1
2015-05-05,11323,Tuesday,2,5,2015,d_1558,,,,,1,0,1
2015-05-06,11323,Wednesday,3,5,2015,d_1559,,,,,1,1,0
2015-05-07,11323,Thursday,4,5,2015,d_1560,,,,,1,0,0
2015-05-08,11323,Friday,5,5,2015,d_1561,,,,,0,0,1
2015-05-09,11324,Saturday,6,5,2015,d_1562,,,,,0,1,0
2015-05-10,11324,Sunday,7,5,2015,d_1563,,,,,0,0,1
2015-05-11,11324,Monday,1,5,2015,d_1564,,,,,0,1,0
2015-05-12,11324,Tuesday,2,5,2015,d_1565,,,,,1,1,0
2015-05-13,11324,Wednesday,3,5,2015,d_1566,,,,,1,1,1
2015-05-14,11324,Thursday,4,5,2015,d_1567,,,,,0,1,1
2015-05-15,11324,Friday,5,5,2015,d_1568,,,,,0,0,1
2015-05-16,11325,Saturday,6,5,2015,d_1569,,,,,1,1,0
2015-05-17,11325,Sunday,7,5,2015,d_1570,,,,,0,1,0
2015-05-18,11325,Monday,1,5,2015,d_1571,,,,,1,0,1
2015-05-19,11325,Tuesday,2,5,2015,d_1572,,,,,0,1,1
2015-05-20,11325,Wednesday,3,5,2015,d_1573,,,,,0,1,0
2015-05-21,11325,Thursday,4,5,2015,d_1574,,,,,0,1,0
2015-05-22,11325,Friday,5,5,2015,d_1575,,,,,1,0,1
2015-05-23,11326,Saturday,6,5,2015,d_1576,,,,,0,1,1
2015-05-24,11326,Sunday,7,5,2015,d_1577,,,,,1,0,1
2015-05-25,11326,Monday,1,5,2015,d_1578,,,,,1,0,1
2015-05-26,11326,Tuesday,2,5,2015,d_1579,,,,,1,1,1
2015-05-27,11326,Wednesday,3,5,2015,d_1580,,,,,0,0,1
2015-05-28,11326,Thursday,4,5,2015,d_1581,,,,,0,0,1
2015-05-29,11326,Friday,5,5,2015,d_1582,,,,,1,0,0
2015-05-30,11327,Saturday,6,5,2015,d_1583,,,,,0,1,0
2015-05-31,11327,Sunday,7,5,2015,d_1584,,,,,0,1,0
2015-06-01,11327,Monday,1,6,2015,d_1585,,,,,0,0,0
2015-06-02,11327,Tuesday,2,6,2015,d_1586,,,,,0,0,0
2015-06-03,11327,Wednesday,3,6,2015,d_1587,,,,,1,1,0
2015-06-04,11327,Thursday,4,6,2015,d_1588,,,,,0,0,1
2015-06-05,11327,Friday,5,6,2015,d_1589,,,,,0,0,1
2015-06-06,11328,Saturday,6,6,2015,d_1590,,,,,1,0,0
2015-06-07,11328,Sunday,7,6,2015,d_1591,,,,,0,0,0
2015-06-08,11328,Monday,1,6,2015,d_1592,,,,,0,0,0
2015-06-09,11328,Tuesday,2,6,2015,d_1593,,,,,1,1,1
2015-06-10,11328,Wednesday,3,6,2015,d_1594,,,,,0,0,0
2015-06-11,11328,Thursday,4,6,2015,d_1595,,,,,0,0,0
2015-06-12,11328,Friday,5,6,2015,d_1596,,,,,1,1,1
2015-06-13,11329,Saturday,6,6,2015,d_1597,,,,,0,1,1
2015-06-14,11329,Sunday,7,6,2015,d_1598,,,,,0,1,0
2015-06-15,11329,Monday,1,6,2015,d_1599,,,,,0,1,1
2015-06-16,11329,Tuesday,2,6,2015,d_1600,,,,,0,0,1
2015-06-17,11329,Wednesday,3,6,2015,d_1601,,,,,0,0,1
2015-06-18,11329,Thursday,4,6,2015,d_1602,,,,,1,0,1
2015-06-19,11329,Friday,5,6,2015,d_1603,,,,,1,1,1
2015-06-20,11330,Saturday,6,6,2015,d_1604,,,,,1,0,0
2015-06-21,11330,Sunday,7,6,2015,d_1605,,,,,0,0,0
2015-06-22,11330,Monday,1,6,2015,d_1606,,,,,0,1,0
2015-06-23,11330,Tuesday,2,6,2015,d_1607,,,,,1,0,0
2015-06-24,11330,Wednesday,3,6,2015,d_1608,,,,,0,1,0
2015-06-25,11330,Thursday,4,6,2015,d_1609,,,,,0,0,1
2015-06-26,11330,Friday,5,6,2015,d_1610,,,,,1,0,1
2015-06-27,11331,Saturday,6,6,2015,d_1611,,,,,1,1,1
2015-06-28,11331,Sunday,7,6,2015,d_1612,,,,,1,0,0
2015-06-29,11331,Monday,1,6,2015,d_1613,,,,,1,0,1
2015-06-30,11331,Tuesday,2,6,2015,d_1614,,,,,0,1,1
2015-07-01,11331,Wednesday,3,7,2015,d_1615,,,,,1,1,1
2015-07-02,11331,Thursday,4,7,2015,d_1616,,,,,1,0,0
2015-07-03,11331,Friday,5,7,2015,d_1617,,,,,1,0,1
2015-07-04,11332,Saturday,6,7,2015,d_1618,,,,,1,0,0
2015-07-05,11332,Sunday,7,7,2015,d_1619,,,,,1,0,0
2015-07-06,11332,Monday,1,7,2015,d_1620,,,,,0,1,1
2015-07-07,11332,Tuesday,2,7,2015,d_1621,,,,,0,1,1
2015-07-08,11332,Wednesday,3,7,2015,d_1622,,,,,1,1,0
2015-07-09,11332,Thursday,4,7,2015,d_1623,,,,,0,0,1
2015-07-10,11332,Friday,5,7,2015,d_1624,,,,,1,1,0
2015-07-11,11333,Saturday,6,7,2015,d_1625,,,,,1,0,0
2015-07-12,11333,Sunday,7,7,2015,d_1626,,,,,0,1,1
2015-07-13,11333,Monday,1,7,2015,d_1627,,,,,0,0,1
2015-07-14,11333,Tuesday,2,7,2015,d_1628,,,,,1,1,1
2015-07-15,11333,Wednesday,3,7,2015,d_1629,,,,,1,1,1
2015-07-16,11333,Thursday,4,7,2015,d_1630,,,,,0,1,0
2015-07-17,11333,Friday,5,7,2015,d_1631,,,,,0,0,0
2015-07-18,11334,Saturday,6,7,2015,d_1632,,,,,1,0,1
2015-07-19,11334,Sunday,7,7,2015,d_1633,,,,,0,0,0
2015-07-20,11334,Monday,1,7,2015,d_1634,,,,,0,1,0
2015-07-21,11334,Tuesday,2,7,2015,d_1635,,,,,1,0,0
2015-07-22,11334,Wednesday,3,7,2015,d_1636,,,,,1,1,0
2015-07-23,11334,Thursday,4,7,2015,d_1637,,,,,0,0,0
2015-07-24,11334,Friday,5,7,2015,d_1638,,,,,0,1,1
2015-07-25,11335,Saturday,6,7,2015,d_1639,,,,,1,0,1
2015-07-26,11335,Sunday,7,7,2015,d_1640,,,,,1,0,1
2015-07-27,11335,Monday,1,7,2015,d_1641,,,,,1,0,1
2015-07-28,11335,Tuesday,2,7,2015,d_1642,,,,,0,0,0
2015-07-29,11335,Wednesday,3,7,2015,d_1643,,,,,1,1,1
2015-07-30,11335,Thursday,4,7,2015,d_1644,,,,,0,0,1
2015-07-31,11335,Friday,5,7,2015,d_1645,,,,,1,1,0
2015-08-01,11336,Saturday,6,8,2015,d_1646,,,,,0,0,0
2015-08-02,11336,Sunday,7,8,2015,d_1647,,,,,0,0,0
2015-08-03,11336,Monday,1,8,2015,d_1648,,,,,0,1,0
2015-08-04,11336,Tuesday,2,8,2015,d_1649,,,,,1,0,0
2015-08-05,11336,Wednesday,3,8,2015,d_1650,,,,,0,1,1
2015-08-06,11336,Thursday,4,8,2015,d_1651,,,,,0,1,0
2015-08-07,11336,Friday,5,8,2015,d_1652,,,,,1,1,0
2015-08-08,11337,Saturday,6,8,2015,d_1653,,,,,0,1,1
2015-08-09,11337,Sunday,7,8,2015,d_1654,,,,,1,0,1
2015-08-10,11337,Monday,1,8,2015,d_1655,,,,,1,0,1
2015-08-11,11337,Tuesday,2,8,2015,d_1656,,,,,1,0,1
2015-08-12,11337,Wednesday,3,8,2015,d_1657,,,,,0,0,0
2015-08-13,11337,Thursday,4,8,2015,d_1658,,,,,0,0,1
2015-08-14,11337,Friday,5,8,2015,d_1659,,,,,1,0,0
2015-08-15,11338,Saturday,6,8,2015,d_1660,,,,,1,0,0
2015-08-16,11338,Sunday,7,8,2015,d_1661,,,,,1,1,0
2015-08-17,11338,Monday,1,8,2015,d_1662,,,,,0,0,1
2015-08-18,11338,Tuesday,2,8,2015,d_1663,,,,,1,1,0
2015-08-19,11338,Wednesday,3,8,2015,d_1664,,,,,0,0,1
2015-08-20,11338,Thursday,4,8,2015,d_1665,,,,,1,0,0
2015-08-21,11338,Friday,5,8,2015,d_1666,,,,,1,0,0
2015-08-22,11339,Saturday,6,8,2015,d_1667,,,,,0,1,1
2015-08-23,11339,Sunday,7,8,2015,d_1668,,,,,1,0,1
2015-08-24,11339,Monday,1,8,2015,d_1669,,,,,1,0,0
2015-08-25,11339,Tuesday,2,8,2015,d_1670,,,,,0,0,0
2015-08-26,11339,Wednesday,3,8,2015,d_1671,,,,,0,0,0
2015-08-27,11339,Thursday,4,8,2015,d_1672,,,,,0,0,0
2015-08-28,11339,Friday,5,8,2015,d_1673,,,,,0,0,0
2015-08-29,11340,Saturday,6,8,2015,d_1674,,,,,0,1,1
2015-08-30,11340,Sunday,7,8,2015,d_1675,,,,,0,1,0
2015-08-31,11340,Monday,1,8,2015,d_1676,,,,,1,1,0
2015-09-01,11340,Tuesday,2,9,2015,d_1677,,,,,0,1,0
2015-09-02,11340,Wednesday,3,9,2015,d_1678,,,,,1,1,0
2015-09-03,11340,Thursday,4,9,2015,d_1679,,,,,0,1,1
2015-09-04,11340,Friday,5,9,2015,d_1680,,,,,1,1,1
2015-09-05,11341,Saturday,6,9,2015,d_1681,,,,,0,0,1
2015-09-06,11341,Sunday,7,9,2015,d_1682,,,,,0,1,0
2015-09-07,11341,Monday,1,9,2015,d_1683,,,,,0,0,0
2015-09-08,11341,Tuesday,2,9,2015,d_1684,,,,,0,0,0
2015-09-09,11341,Wednesday,3,9,2015,d_1685,,,,,0,1,0
2015-09-10,11341,Thursday,4,9,2015,d_1686,,,,,0,0,1
2015-09-11,11341,Friday,5,9,2015,d_1687,,,,,0,1,0
2015-09-12,11342,Saturday,6,9,2015,d_1688,,,,,1,0,1
2015-09-13,11342,Sunday,7,9,2015,d_1689,,,,,1,1,0
2015-09-14,11342,Monday,1,9,2015,d_1690,,,,,1,1,0
2015-09-15,11342,Tuesday,2,9,2015,d_1691,,,,,1,1,0
2015-09-16,11342,Wednesday,3,9,2015,d_1692,,,,,0,1,1
2015-09-17,11342,Thursday,4,9,2015,d_1693,,,,,0,1,1
2015-09-18,11342,Friday,5,9,2015,d_1694,,,,,1,0,0
2015-09-19,11343,Saturday,6,9,2015,d_1695,,,,,1,0,1
2015-09-20,11343,Sunday,7,9,2015,d_1696,,,,,1,1,1
2015-09-21,11343,Monday,1,9,2015,d_1697,,,,,0,1,1
2015-09-22,11343,Tuesday,2,9,2015,d_1698,,,,,1,0,1
2015-09-23,11343,Wednesday,3,9,2015,d_1699,,,,,0,0,0
2015-09-24,11343,Thursday,4,9,2015,d_1700,,,,,0,0,1
2015-09-25,11343,Friday,5,9,2015,d_1701,,,,,0,0,1
2015-09-26,11344,Saturday,6,9,2015,d_1702,,,,,0,0,1
2015-09-27,11344,Sunday,7,9,2015,d_1703,,,,,0,1,1
2015-09-28,11344,Monday,1,9,2015,d_1704,,,,,1,1,0
2015-09-29,11344,Tuesday,2,9,2015,d_1705,,,,,0,0,0
2015-09-30,11344,Wednesday,3,9,2015,d_1706,,,,,1,0,1
2015-10-01,11344,Thursday,4,10,2015,d_1707,,,,,0,0,1
2015-10-02,11344,Friday,5,10,2015,d_1708,,,,,0,1,1
2015-10-03,11345,Saturday,6,10,2015,d_1709,,,,,1,0,0
2015-10-04,11345,Sunday,7,10,2015,d_1710,,,,,0,1,1
2015-10-05,11345,Monday,1,10,2015,d_1711,,,,,0,1,1
2015-10-06,11345,Tuesday,2,10,2015,d_1712,,,,,0,0,0
2015-10-07,11345,Wednesday,3,10,2015,d_1713,,,,,0,1,0
2015-10-08,11345,Thursday,4,10,2015,d_1714,,,,,0,0,1
2015-10-09,11345,Friday,5,10,2015,d_1715,,,,,0,0,0
2015-10-10,11346,Saturday,6,10,2015,d_1716,,,,,0,0,1
2015-10-11,11346,Sunday,7,10,2015,d_1717,,,,,1,0,0
2015-10-12,11346,Monday,1,10,2015,d_1718,,,,,0,1,1
2015-10-13,11346,Tuesday,2,10,2015,d_1719,,,,,1,1,1
2015-10-14,11346,Wednesday,3,10,2015,d_1720,,,,,0,0,0
2015-10-15,11346,Thursday,4,10,2015,d_1721,,,,,1,0,0
2015-10-16,11346,Friday,5,10,2015,d_1722,,,,,1,1,0
2015-10-17,11347,Saturday,6,10,2015,d_1723,,,,,1,1,0
2015-10-18,11347,Sunday,7,10,2015,d_1724,,,,,1,0,1
2015-10-19,11347,Monday,1,10,2015,d_1725,,,,,0,1,0
2015-10-20,11347,Tuesday,2,10,2015,d_1726,,,,,0,0,1
2015-10-21,11347,Wednesday,3,10,2015,d_1727,,,,,0,0,1
2015-10-22,11347,Thursday,4,10,2015,d_1728,,,,,1,1,1
2015-10-23,11347,Friday,5,10,2015,d_1729,,,,,0,0,1
2015-10-24,11348,Saturday,6,10,2015,d_1730,,,,,1,0,0
2015-10-25,11348,Sunday,7,10,2015,d_1731,,,,,0,0,1
2015-10-26,11348,Monday,1,10,2015,d_1732,,,,,0,0,0
2015-10-27,11348,Tuesday,2,10,2015,d_1733,,,,,1,0,1
2015-10-28,11348,Wednesday,3,10,2015,d_1734,,,,,0,0,0
2015-10-29,11348,Thursday,4,10,2015,d_1735,,,,,0,1,1
2015-10-30,11348,Friday,5,10,2015,d_1736,,,,,0,1,1
2015-10-31,11349,Saturday,6,10,2015,d_1737,,,,,0,1,1
2015-11-01,11349,Sunday,7,11,2015,d_1738,,,,,1,0,1
2015-11-02,11349,Monday,1,11,2015,d_1739,,,,,1,0,1
2015-11-03,11349,Tuesday,2,11,2015,d_1740,,,,,1,1,1
2015-11-04,11349,Wednesday,3,11,2015,d_1741,,,,,1,0,0
2015-11-05,11349,Thursday,4,11,2015,d_1742,,,,,1,0,0
2015-11-06,11349,Friday,5,11,2015,d_1743,,,,,0,0,0
2015-11-07,11350,Saturday,6,11,2015,d_1744,,,,,1,0,0
2015-11-08,11350,Sunday,7,11,2015,d_1745,,,,,1,1,1
2015-11-09,11350,Monday,1,11,2015,d_1746,,,,,1,0,0
2015-11-10,11350,Tuesday,2,11,2015,d_1747,,,,,1,1,0
2015-11-11,11350,Wednesday,3,11,2015,d_1748,,,,,1,1,0
2015-11-12,11350,Thursday,4,11,2015,d_1749,,,,,0,0,0
2015-11-13,11350,Friday,5,11,2015,d_1750,,,,,1,1,0
2015-11-14,11351,Saturday,6,11,2015,d_1751,,,,,1,0,0
2015-11-15,11351,Sunday,7,11,2015,d_1752,,,,,0,1,1
2015-11-16,11351,Monday,1,11,2015,d_1753,,,,,1,1,1
2015-11-17,11351,Tuesday,2,11,2015,d_1754,,,,,1,0,1
2015-11-18,11351,Wednesday,3,11,2015,d_1755,,,,,1,0,1
2015-11-19,11351,Thursday,4,11,2015,d_1756,,,,,1,0,1
2015-11-20,11351,Friday,5,11,2015,d_1757,,,,,1,0,0
2015-11-21,11352,Saturday,6,11,2015,d_1758,,,,,0,1,0
2015-11-22,11352,Sunday,7,11,2015,d_1759,,,,,1,0,1
2015-11-23,11352,Monday,1,11,2015,d_1760,,,,,1,0,0
2015-11-24,11352,Tuesday,2,11,2015,d_1761,,,,,1,1,0
2015-11-25,11352,Wednesday,3,11,2015,d_1762,,,,,1,1,1
2015-11-26,11352,Thursday,4,11,2015,d_1763,,,,,1,1,0
2015-11-27,11352,Friday,5,11,2015,d_1764,,,,,0,1,1
2015-11-28,11353,Saturday,6,11,2015,d_1765,,,,,1,1,0
2015-11-29,11353,Sunday,7,11,2015,d_1766,,,,,1,0,1
2015-11-30,11353,Monday,1,11,2015,d_1767,,,,,1,1,0
2015-12-01,11353,Tuesday,2,12,2015,d_1768,,,,,0,0,0
2015-12-02,11353,Wednesday,3,12,2015,d_1769,,,,,0,1,0
2015-12-03,11353,Thursday,4,12,2015,d_1770,,,,,0,1,0
2015-12-04,11353,Friday,5,12,2015,d_1771,,,,,0,0,0
2015-12-05,11354,Saturday,6,12,2015,d_1772,,,,,0,0,0
2015-12-06,11354,Sunday,7,12,2015,d_1773,,,,,1,0,0
2015-12-07,11354,Monday,1,12,2015,d_1774,,,,,1,0,1
2015-12-08,11354,Tuesday,2,12,2015,d_1775,,,,,1,1,0
2015-12-09,11354,Wednesday,3,12,2015,d_1776,,,,,0,0,0
2015-12-10,11354,Thursday,4,12,2015,d_1777,,,,,1,1,0
2015-12-11,11354,Friday,5,12,2015,d_1778,,,,,1,1,0
2015-12-12,11355,Saturday,6,12,2015,d_1779,,,,,0,1,0
2015-12-13,11355,Sunday,7,12,2015,d_1780,,,,,1,1,0
2015-12-14,11355,Monday,1,12,2015,d_1781,,,,,1,1,0
2015-12-15,11355,Tuesday,2,12,2015,d_1782,,,,,0,1,1
2015-12-16,11355,Wednesday,3,12,2015,d_1783,,,,,0,1,1
2015-12-17,11355,Thursday,4,12,2015,d_1784,,,,,1,1,0
2015-12-18,11355,Friday,5,12,2015,d_1785,,,,,0,0,1
2015-12-19,11356,Saturday,6,12,2015,d_1786,,,,,1,1,1
2015-12-20,11356,Sunday,7,12,2015,d_1787,,,,,0,0,0
2015-12-21,11356,Monday,1,12,2015,d_1788,,,,,0,0,0
2015-12-22,11356,Tuesday,2,12,2015,d_1789,,,,,1,1,1
2015-12-23,11356,Wednesday,3,12,2015,d_1790,,,,,0,0,0
2015-12-24,11356,Thursday,4,12,2015,d_1791,,,,,0,0,1
2015-12-25,11356,Friday,5,12,2015,d_1792,,,,,0,1,1
2015-12-26,11357,Saturday,6,12,2015,d_1793,,,,,1,0,0
2015-12-27,11357,Sunday,7,12,2015,d_1794,,,,,0,1,0
2015-12-28,11357,Monday,1,12,2015,d_1795,,,,,1,1,1
2015-12-29,11357,Tuesday,2,12,2015,d_1796,,,,,1,1,0
2015-12-30,11357,Wednesday,3,12,2015,d_1797,,,,,1,0,0
2015-12-31,11357,Thursday,4,12,2015,d_1798,,,,,0,0,0
2016-01-01,11357,Friday,5,1,2016,d_1799,,,,,0,0,0
2016-01-02,11358,Saturday,6,1,2016,d_1800,,,,,1,0,0
2016-01-03,11358,Sunday,7,1,2016,d_1801,,,,,1,0,0
2016-01-04,11358,Monday,1,1,2016,d_1802,,,,,1,1,0
2016-01-05,11358,Tuesday,2,1,2016,d_1803,,,,,1,1,1
2016-01-06,11358,Wednesday,3,1,2016,d_1804,,,,,0,1,0
2016-01-07,11358,Thursday,4,1,2016,d_1805,,,,,1,1,1
2016-01-08,11358,Friday,5,1,2016,d_1806,,,,,0,0,0
2016-01-09,11359,Saturday,6,1,2016,d_1807,,,,,0,0,0
2016-01-10,11359,Sunday,7,1,2016,d_1808,,,,,0,1,0
2016-01-11,11359,Monday,1,1,2016,d_1809,,,,,0,0,0
2016-01-12,11359,Tuesday,2,1,2016,d_1810,,,,,0,1,1
2016-01-13,11359,Wednesday,3,1,2016,d_1811,,,,,0,1,0
2016-01-14,11359,Thursday,4,1,2016,d_1812,,,,,0,0,0
2016-01-15,11359,Friday,5,1,2016,d_1813,,,,,1,1,0
2016-01-16,11360,Saturday,6,1,2016,d_1814,,,,,0,0,1
2016-01-17,11360,Sunday,7,1,2016,d_1815,,,,,1,1,0
2016-01-18,11360,Monday,1,1,2016,d_1816,,,,,0,1,1
2016-01-19,11360,Tuesday,2,1,2016,d_1817,,,,,1,0,0
2016-01-20,11360,Wednesday,3,1,2016,d_1818,,,,,1,1,0
2016-01-21,11360,Thursday,4,1,2016,d_1819,,,,,0,0,0
2016-01-22,11360,Friday,5,1,2016,d_1820,,,,,1,0,1
2016-01-23,11361,Saturday,6,1,2016,d_1821,,,,,0,1,0
2016-01-24,11361,Sunday,7,1,2016,d_1822,,,,,0,0,0
2016-01-25,11361,Monday,1,1,2016,d_1823,,,,,0,0,0
2016-01-26,11361,Tuesday,2,1,2016,d_1824,,,,,0,1,0
2016-01-27,11361,Wednesday,3,1,2016,d_1825,,,,,1,1,1
2016-01-28,11361,Thursday,4,1,2016,d_1826,,,,,1,0,1
2016-01-29,11361,Friday,5,1,2016,d_1827,,,,,0,0,1
2016-01-30,11362,Saturday,6,1,2016,d_1828,,,,,1,0,1
2016-01-31,11362,Sunday,7,1,2016,d_1829,,,,,1,1,1
2016-02-01,11362,Monday,1,2,2016,d_1830,,,,,1,1,1
2016-02-02,11362,Tuesday,2,2,2016,d_1831,,,,,1,1,1
2016-02-03,11362,Wednesday,3,2,2016,d_1832,,,,,0,1,1
2016-02-04,11362,Thursday,4,2,2016,d_1833,,,,,0,0,1
2016-02-05,11362,Friday,5,2,2016,d_1834,,,,,1,1,1
2016-02-06,11363,Saturday,6,2,2016,d_1835,,,,,1,0,1
2016-02-07,11363,Sunday,7,2,2016,d_1836,,,,,1,0,1
2016-02-08,11363,Monday,1,2,2016,d_1837,,,,,0,0,0
2016-02-09,11363,Tuesday,2,2,2016,d_1838,,,,,0,1,1
2016-02-10,11363,Wednesday,3,2,2016,d_1839,,,,,1,1,1
2016-02-11,11363,Thursday,4,2,2016,d_1840,,,,,0,0,0
2016-02-12,11363,Friday,5,2,2016,d_1841,,,,,1,0,0
2016-02-13,11364,Saturday,6,2,2016,d_1842,,,,,1,0,0
2016-02-14,11364,Sunday,7,2,2016,d_1843,,,,,0,0,0
2016-02-15,11364,Monday,1,2,2016,d_1844,,,,,0,1,0
2016-02-16,11364,Tuesday,2,2,2016,d_1845,,,,,1,1,1
2016-02-17,11364,Wednesday,3,2,2016,d_1846,,,,,0,1,1
2016-02-18,11364,Thursday,4,2,2016,d_1847,,,,,1,1,0
2016-02-19,11364,Friday,5,2,2016,d_1848,,,,,1,1,1
2016-02-20,11365,Saturday,6,2,2016,d_1849,,,,,0,0,1
2016-02-21,11365,Sunday,7,2,2016,d_1850,,,,,1,0,0
2016-02-22,11365,Monday,1,2,2016,d_1851,,,,,0,1,1
2016-02-23,11365,Tuesday,2,2,2016,d_1852,,,,,1,1,1
2016-02-24,11365,Wednesday,3,2,2016,d_1853,,,,,0,1,1
2016-02-25,11365,Thursday,4,2,2016,d_1854,,,,,0,1,0
2016-02-26,11365,Friday,5,2,2016,d_1855,,,,,1,0,1
2016-02-27,11366,Saturday,6,2,2016,d_1856,,,,,1,0,1
2016-02-28,11366,Sunday,7,2,2016,d_1857,,,,,1,1,0
2016-02-29,11366,Monday,1,2,2016,d_1858,,,,,1,0,0
2016-03-01,11366,Tuesday,2,3,2016,d_1859,,,,,1,1,1
2016-03-02,11366,Wednesday,3,3,2016,d_1860,,,,,0,0,0
2016-03-03,11366,Thursday,4,3,2016,d_1861,,,,,0,0,1
2016-03-04,11366,Friday,5,3,2016,d_1862,,,,,0,0,1
2016-03-05,11367,Saturday,6,3,2016,d_1863,,,,,0,1,0
2016-03-06,11367,Sunday,7,3,2016,d_1864,,,,,0,0,0
2016-03-07,11367,Monday,1,3,2016,d_1865,,,,,0,1,0
2016-03-08,11367,Tuesday,2,3,2016,d_1866,,,,,1,1,1
2016-03-09,11367,Wednesday,3,3,2016,d_1867,,,,,1,1,0
2016-03-10,11367,Thursday,4,3,2016,d_1868,,,,,1,0,0
2016-03-11,11367,Friday,5,3,2016,d_1869,,,,,0,1,1
2016-03-12,11368,Saturday,6,3,2016,d_1870,,,,,1,0,0
2016-03-13,11368,Sunday,7,3,2016,d_1871,,,,,0,1,0
2016-03-14,11368,Monday,1,3,2016,d_1872,,,,,1,0,0
2016-03-15,11368,Tuesday,2,3,2016,d_1873,,,,,1,0,1
2016-03-16,11368,Wednesday,3,3,2016,d_1874,,,,,1,0,1
2016-03-17,11368,Thursday,4,3,2016,d_1875,,,,,1,1,1
2016-03-18,11368,Friday,5,3,2016,d_1876,,,,,1,0,1
2016-03-19,11369,Saturday,6,3,2016,d_1877,,,,,1,0,1
2016-03-20,11369,Sunday,7,3,2016,d_1878,,,,,0,1,1
2016-03-21,11369,Monday,1,3,2016,d_1879,,,,,1,0,0
2016-03-22,11369,Tuesday,2,3,2016,d_1880,,,,,0,1,0
2016-03-23,11369,Wednesday,3,3,2016,d_1881,,,,,0,0,0
2016-03-24,11369,Thursday,4,3,2016,d_1882,,,,,1,0,1
2016-03-25,11369,Friday,5,3,2016,d_1883,,,,,1,1,0
2016-03-26,11370,Saturday,6,3,2016,d_1884,,,,,1,1,0
2016-03-27,11370,Sunday,7,3,2016,d_1885,,,,,1,1,0
2016-03-28,11370,Monday,1,3,2016,d_1886,,,,,0,1,1
2016-03-29,11370,Tuesday,2,3,2016,d_1887,,,,,1,1,1
2016-03-30,11370,Wednesday,3,3,2016,d_1888,,,,,1,1,0
2016-03-31,11370,Thursday,4,3,2016,d_1889,,,,,1,1,1
2016-04-01,11370,Friday,5,4,2016,d_1890,,,,,0,0,1
2016-04-02,11371,Saturday,6,4,2016,d_1891,,,,,0,1,1
2016-04-03,11371,Sunday,7,4,2016,d_1892,,,,,1,1,1
2016-04-04,11371,Monday,1,4,2016,d_1893,,,,,0,0,1
2016-04-05,11371,Tuesday,2,4,2016,d_1894,,,,,0,1,1
2016-04-06,11371,Wednesday,3,4,2016,d_1895,,,,,0,0,0
2016-04-07,11371,Thursday,4,4,2016,d_1896,,,,,1,1,1
2016-04-08,11371,Friday,5,4,2016,d_1897,,,,,1,0,1
2016-04-09,11372,Saturday,6,4,2016,d_1898,,,,,0,0,1
2016-04-10,11372,Sunday,7,4,2016,d_1899,,,,,0,1,1
2016-04-11,11372,Monday,1,4,2016,d_1900,,,,,0,1,1
2016-04-12,11372,Tuesday,2,4,2016,d_1901,,,,,1,1,1
2016-04-13,11372,Wednesday,3,4,2016,d_1902,,,,,1,0,0
2016-04-14,11372,Thursday,4,4,2016,d_1903,,,,,1,1,0
2016-04-15,11372,Friday,5,4,2016,d_1904,,,,,0,1,0
2016-04-16,11373,Saturday,6,4,2016,d_1905,,,,,1,1,0
2016-04-17,11373,Sunday,7,4,2016,d_1906,,,,,1,1,1
2016-04-18,11373,Monday,1,4,2016,d_1907,,,,,0,0,0
2016-04-19,11373,Tuesday,2,4,2016,d_1908,,,,,0,1,0
2016-04-20,11373,Wednesday,3,4,2016,d_1909,,,,,1,0,1
2016-04-21,11373,Thursday,4,4,2016,d_1910,,,,,0,0,0
2016-04-22,11373,Friday,5,4,2016,d_1911,,,,,1,1,0
2016-04-23,11374,Saturday,6,4,2016,d_1912,,,,,1,0,0
2016-04-24,11374,Sunday,7,4,2016,d_1913,,,,,1,0,0
2016-04-25,11374,Monday,1,4,2016,d_1914,,,,,0,1,0
2016-04-26,11374,Tuesday,2,4,2016,d_1915,,,,,0,0,0
2016-04-27,11374,Wednesday,3,4,2016,d_1916,,,,,0,0,1
2016-04-28,11374,Thursday,4,4,2016,d_1917,,,,,0,1,0
2016-04-29,11374,Friday,5,4,2016,d_1918,,,,,0,0,0
2016-04-30,11375,Saturday,6,4,2016,d_1919,,,,,1,1,1
2016-05-01,11375,Sunday,7,5,2016,d_1920,,,,,1,1,1
2016-05-02,11375,Monday,1,5,2016,d_1921,,,,,1,1,0
2016-05-03,11375,Tuesday,2,5,2016,d_1922,,,,,0,0,1
2016-05-04,11375,Wednesday,3,5,2016,d_1923,,,,,0,0,0
2016-05-05,11375,Thursday,4,5,2016,d_1924,,,,,1,0,1
2016-05-06,11375,Friday,5,5,2016,d_1925,,,,,0,0,1
2016-05-07,11376,Saturday,6,5,2016,d_1926,,,,,0,0,1
2016-05-08,11376,Sunday,7,5,2016,d_1927,,,,,0,1,1
2016-05-09,11376,Monday,1,5,2016,d_1928,,,,,0,0,0
2016-05-10,11376,Tuesday,2,5,2016,d_1929,,,,,1,1,0
2016-05-11,11376,Wednesday,3,5,2016,d_1930,,,,,1,0,1
2016-05-12,11376,Thursday,4,5,2016,d_1931,,,,,0,0,1
2016-05-13,11376,Friday,5,5,2016,d_1932,,,,,1,0,0
2016-05-14,11377,Saturday,6,5,2016,d_1933,,,,,0,1,1
2016-05-15,11377,Sunday,7,5,2016,d_1934,,,,,1,1,1
2016-05-16,11377,Monday,1,5,2016,d_1935,,,,,1,1,0
2016-05-17,11377,Tuesday,2,5,2016,d_1936,,,,,0,1,1
2016-05-18,11377,Wednesday,3,5,2016,d_1937,,,,,1,1,1
2016-05-19,11377,Thursday,4,5,2016,d_1938,,,,,1,0,0
2016-05-20,11377,Friday,5,5,2016,d_1939,,,,,1,1,1
2016-05-21,11378,Saturday,6,5,2016,d_1940,,,,,1,1,1
2016-05-22,11378,Sunday,7,5,2016,d_1941,,,,,1,1,1
